Workbook
Name AbsenteeDays: RandomData!#REF!
Name EmployeeID: RandomData!$A:$A
Name ExitDate: RandomData!$H:$H
Name Gender: RandomData!#REF!
Name HireDate: RandomData!$F:$F
Name ID: RandomData!$A:$A
Name JobPostingDate: RandomData!$E:$E
Name JobTitle: RandomData!$D:$D
Name JoinDate: RandomData!$G:$G
Name Pasted: #REF!
Name RecruitmentCost: RandomData!$J:$J
Name Status: RandomData!$I:$I
Name Table2: #REF!
Name Timetofill: RandomData!$U:$U
Name Timetoonboard: RandomData!#REF!
Name TotalTenure: RandomData!#REF!
Name TotalWorkDays: RandomData!#REF!
Name TrainingCompletionStatus: RandomData!$T:$T
Name TrainingCost: RandomData!#REF!
Name TrainingProgram: RandomData!$S:$S

Sheet RandomData
A1: Employee ID | B1: Gender | C1: Department | D1: Job Title | E1: Job Posting Date | F1: Hire Date | G1: Join Date | H1: Exit Date | I1: Status | J1: Recruitment Cost | K1: Interviews Conducted | L1: Offers Made | M1: Offers Accepted | N1: Recruitment Source | O1: Candidate Experience Points | P1: Internal Hiring | Q1: Training Program | R1: Training Completion Status | S1: Time to Fill | T1: new
A2: ="EMP" & TEXT(ROW(A1), "000") -> EMP001 | B2: =CHOOSE(RANDBETWEEN(1, 2), "Male", "Female") -> Female | C2: {=INDEX(sheet2!$A$2:$A$6, RANDBETWEEN(1, 5))} -> IT | D2: =_xlfn.XLOOKUP(Table1[[#This Row],[Department]],sheet2!$A$2:$A$6,sheet2!$B$2:$B$6,_xleta.NA,0) -> Software Engineer | E2: =DATE(RANDBETWEEN(2018, 2022), RANDBETWEEN(1, 12), RANDBETWEEN(1, 28)) -> 44301 | F2: =Table1[[#This Row],[Job Posting Date]]+ RANDBETWEEN(15, 90) -> 44385 | G2: =Table1[[#This Row],[Hire Date]]+ RANDBETWEEN(1, 15) -> 44399 | H2: =IF(RAND() < 0.5, Table1[[#This Row],[Join Date]]+ RANDBETWEEN(30, TODAY()- Table1[[#This Row],[Join Date]]), "-") -> 44959 | I2: =IF(Table1[[#This Row],[Exit Date]]= "-", "Active", "Exited") -> Exited | J2: =RANDBETWEEN(1500, 5000) -> 4516 | K2: =Table1[[#This Row],[Offers Made]]*2 -> 8 | L2: =RANDBETWEEN(3, 8) -> 4 | M2: =RANDBETWEEN(1, L2-1) -> 3 | N2: =CHOOSE(RANDBETWEEN(1, 4), "Job Portals", "Campus Placements", "Employee Referrals", "Direct Hiring") -> Campus Placements | O2: =RANDBETWEEN(1,5) -> 1 | P2: =CHOOSE(RANDBETWEEN(1, 2), "Yes", "No") -> Yes | Q2: {=INDEX(sheet2!$C$2:$C$6, RANDBETWEEN(1, 5))} -> Advanced Excel Skills | R2: =IF(RAND() < 0.7, "Completed", "Not Completed") -> Completed | S2: =Table1[[#This Row],[Hire Date]]-Table1[[#This Row],[Job Posting Date]] -> 84
A3: ="EMP" & TEXT(ROW(A2), "000") -> EMP002 | B3: =CHOOSE(RANDBETWEEN(1, 2), "Male", "Female") -> Female | C3: {=INDEX(sheet2!$A$2:$A$6, RANDBETWEEN(1, 5))} -> HR | D3: =_xlfn.XLOOKUP(Table1[[#This Row],[Department]],sheet2!$A$2:$A$6,sheet2!$B$2:$B$6,_xleta.NA,0) -> HR Manager | E3: =DATE(RANDBETWEEN(2018, 2022), RANDBETWEEN(1, 12), RANDBETWEEN(1, 28)) -> 43892 | F3: =Table1[[#This Row],[Job Posting Date]]+ RANDBETWEEN(15, 90) -> 43950 | G3: =Table1[[#This Row],[Hire Date]]+ RANDBETWEEN(1, 15) -> 43953 | H3: =IF(RAND() < 0.5, Table1[[#This Row],[Join Date]]+ RANDBETWEEN(30, TODAY()- Table1[[#This Row],[Join Date]]), "-") -> - | I3: =IF(Table1[[#This Row],[Exit Date]]= "-", "Active", "Exited") -> Active | J3: =RANDBETWEEN(1500, 5000) -> 3944 | K3: =Table1[[#This Row],[Offers Made]]*2 -> 16 | L3: =RANDBETWEEN(3, 8) -> 8 | M3: =RANDBETWEEN(1, L3-1) -> 1 | N3: =CHOOSE(RANDBETWEEN(1, 4), "Job Portals", "Campus Placements", "Employee Referrals", "Direct Hiring") -> Employee Referrals | O3: =RANDBETWEEN(1,5) -> 4 | P3: =CHOOSE(RANDBETWEEN(1, 2), "Yes", "No") -> No | Q3: {=INDEX(sheet2!$C$2:$C$6, RANDBETWEEN(1, 5))} -> Leadership Development | R3: =IF(RAND() < 0.7, "Completed", "Not Completed") -> Not Completed | S3: =Table1[[#This Row],[Hire Date]]-Table1[[#This Row],[Job Posting Date]] -> 58
A4: ="EMP" & TEXT(ROW(A3), "000") -> EMP003 | B4: =CHOOSE(RANDBETWEEN(1, 2), "Male", "Female") -> Female | C4: {=INDEX(sheet2!$A$2:$A$6, RANDBETWEEN(1, 5))} -> HR | D4: =_xlfn.XLOOKUP(Table1[[#This Row],[Department]],sheet2!$A$2:$A$6,sheet2!$B$2:$B$6,_xleta.NA,0) -> HR Manager | E4: =DATE(RANDBETWEEN(2018, 2022), RANDBETWEEN(1, 12), RANDBETWEEN(1, 28)) -> 43352 | F4: =Table1[[#This Row],[Job Posting Date]]+ RANDBETWEEN(15, 90) -> 43438 | G4: =Table1[[#This Row],[Hire Date]]+ RANDBETWEEN(1, 15) -> 43440 | H4: =IF(RAND() < 0.5, Table1[[#This Row],[Join Date]]+ RANDBETWEEN(30, TODAY()- Table1[[#This Row],[Join Date]]), "-") -> 43496 | I4: =IF(Table1[[#This Row],[Exit Date]]= "-", "Active", "Exited") -> Exited | J4: =RANDBETWEEN(1500, 5000) -> 4991 | K4: =Table1[[#This Row],[Offers Made]]*2 -> 12 | L4: =RANDBETWEEN(3, 8) -> 6 | M4: =RANDBETWEEN(1, L4-1) -> 5 | N4: =CHOOSE(RANDBETWEEN(1, 4), "Job Portals", "Campus Placements", "Employee Referrals", "Direct Hiring") -> Campus Placements | O4: =RANDBETWEEN(1,5) -> 2 | P4: =CHOOSE(RANDBETWEEN(1, 2), "Yes", "No") -> No | Q4: {=INDEX(sheet2!$C$2:$C$6, RANDBETWEEN(1, 5))} -> Leadership Development | R4: =IF(RAND() < 0.7, "Completed", "Not Completed") -> Completed | S4: =Table1[[#This Row],[Hire Date]]-Table1[[#This Row],[Job Posting Date]] -> 86
A5: ="EMP" & TEXT(ROW(A4), "000") -> EMP004 | B5: =CHOOSE(RANDBETWEEN(1, 2), "Male", "Female") -> Male | C5: {=INDEX(sheet2!$A$2:$A$6, RANDBETWEEN(1, 5))} -> Analytics | D5: =_xlfn.XLOOKUP(Table1[[#This Row],[Department]],sheet2!$A$2:$A$6,sheet2!$B$2:$B$6,_xleta.NA,0) -> Data Analyst | E5: =DATE(RANDBETWEEN(2018, 2022), RANDBETWEEN(1, 12), RANDBETWEEN(1, 28)) -> 43166 | F5: =Table1[[#This Row],[Job Posting Date]]+ RANDBETWEEN(15, 90) -> 43230 | G5: =Table1[[#This Row],[Hire Date]]+ RANDBETWEEN(1, 15) -> 43231 | H5: =IF(RAND() < 0.5, Table1[[#This Row],[Join Date]]+ RANDBETWEEN(30, TODAY()- Table1[[#This Row],[Join Date]]), "-") -> 44919 | I5: =IF(Table1[[#This Row],[Exit Date]]= "-", "Active", "Exited") -> Exited | J5: =RANDBETWEEN(1500, 5000) -> 2157 | K5: =Table1[[#This Row],[Offers Made]]*2 -> 14 | L5: =RANDBETWEEN(3, 8) -> 7 | M5: =RANDBETWEEN(1, L5-1) -> 1 | N5: =CHOOSE(RANDBETWEEN(1, 4), "Job Portals", "Campus Placements", "Employee Referrals", "Direct Hiring") -> Direct Hiring | O5: =RANDBETWEEN(1,5) -> 2 | P5: =CHOOSE(RANDBETWEEN(1, 2), "Yes", "No") -> No | Q5: {=INDEX(sheet2!$C$2:$C$6, RANDBETWEEN(1, 5))} -> Communication Skills | R5: =IF(RAND() < 0.7, "Completed", "Not Completed") -> Completed | S5: =Table1[[#This Row],[Hire Date]]-Table1[[#This Row],[Job Posting Date]] -> 64 | V5: Turnover Rate | W5: Retention Rate | X5: Traianing completion rate | Y5: Average time to fill
A6: ="EMP" & TEXT(ROW(A5), "000") -> EMP005 | B6: =CHOOSE(RANDBETWEEN(1, 2), "Male", "Female") -> Female | C6: {=INDEX(sheet2!$A$2:$A$6, RANDBETWEEN(1, 5))} -> Finance | D6: =_xlfn.XLOOKUP(Table1[[#This Row],[Department]],sheet2!$A$2:$A$6,sheet2!$B$2:$B$6,_xleta.NA,0) -> Finance Manager | E6: =DATE(RANDBETWEEN(2018, 2022), RANDBETWEEN(1, 12), RANDBETWEEN(1, 28)) -> 44892 | F6: =Table1[[#This Row],[Job Posting Date]]+ RANDBETWEEN(15, 90) -> 44919 | G6: =Table1[[#This Row],[Hire Date]]+ RANDBETWEEN(1, 15) -> 44932 | H6: =IF(RAND() < 0.5, Table1[[#This Row],[Join Date]]+ RANDBETWEEN(30, TODAY()- Table1[[#This Row],[Join Date]]), "-") -> - | I6: =IF(Table1[[#This Row],[Exit Date]]= "-", "Active", "Exited") -> Active | J6: =RANDBETWEEN(1500, 5000) -> 4042 | K6: =Table1[[#This Row],[Offers Made]]*2 -> 14 | L6: =RANDBETWEEN(3, 8) -> 7 | M6: =RANDBETWEEN(1, L6-1) -> 4 | N6: =CHOOSE(RANDBETWEEN(1, 4), "Job Portals", "Campus Placements", "Employee Referrals", "Direct Hiring") -> Job Portals | O6: =RANDBETWEEN(1,5) -> 2 | P6: =CHOOSE(RANDBETWEEN(1, 2), "Yes", "No") -> No | Q6: {=INDEX(sheet2!$C$2:$C$6, RANDBETWEEN(1, 5))} -> Advanced Excel Skills | R6: =IF(RAND() < 0.7, "Completed", "Not Completed") -> Not Completed | S6: =Table1[[#This Row],[Hire Date]]-Table1[[#This Row],[Job Posting Date]] -> 27 | V6: =(COUNTIF(Status,"Exited") / COUNTA(Status)) * 100 -> 46.307385 | W6: =((COUNTA(Status) - COUNTIF(Status,"Exited")) / COUNTA(Status)) * 100 -> 53.692615 | X6: =(COUNTIF(TrainingCompletionStatus,"Completed") / COUNTA(TrainingCompletionStatus)) * 100 -> 0 | Y6: =AVERAGE(Timetofill) -> #DIV/0!
A7: ="EMP" & TEXT(ROW(A6), "000") -> EMP006 | B7: =CHOOSE(RANDBETWEEN(1, 2), "Male", "Female") -> Female | C7: {=INDEX(sheet2!$A$2:$A$6, RANDBETWEEN(1, 5))} -> Sales | D7: =_xlfn.XLOOKUP(Table1[[#This Row],[Department]],sheet2!$A$2:$A$6,sheet2!$B$2:$B$6,_xleta.NA,0) -> Marketing Manager | E7: =DATE(RANDBETWEEN(2018, 2022), RANDBETWEEN(1, 12), RANDBETWEEN(1, 28)) -> 43659 | F7: =Table1[[#This Row],[Job Posting Date]]+ RANDBETWEEN(15, 90) -> 43737 | G7: =Table1[[#This Row],[Hire Date]]+ RANDBETWEEN(1, 15) -> 43752 | H7: =IF(RAND() < 0.5, Table1[[#This Row],[Join Date]]+ RANDBETWEEN(30, TODAY()- Table1[[#This Row],[Join Date]]), "-") -> - | I7: =IF(Table1[[#This Row],[Exit Date]]= "-", "Active", "Exited") -> Active | J7: =RANDBETWEEN(1500, 5000) -> 4993 | K7: =Table1[[#This Row],[Offers Made]]*2 -> 14 | L7: =RANDBETWEEN(3, 8) -> 7 | M7: =RANDBETWEEN(1, L7-1) -> 2 | N7: =CHOOSE(RANDBETWEEN(1, 4), "Job Portals", "Campus Placements", "Employee Referrals", "Direct Hiring") -> Direct Hiring | O7: =RANDBETWEEN(1,5) -> 4 | P7: =CHOOSE(RANDBETWEEN(1, 2), "Yes", "No") -> Yes | Q7: {=INDEX(sheet2!$C$2:$C$6, RANDBETWEEN(1, 5))} -> Conflict Resolution | R7: =IF(RAND() < 0.7, "Completed", "Not Completed") -> Completed | S7: =Table1[[#This Row],[Hire Date]]-Table1[[#This Row],[Job Posting Date]] -> 78
A8: ="EMP" & TEXT(ROW(A7), "000") -> EMP007 | B8: =CHOOSE(RANDBETWEEN(1, 2), "Male", "Female") -> Male | C8: {=INDEX(sheet2!$A$2:$A$6, RANDBETWEEN(1, 5))} -> HR | D8: =_xlfn.XLOOKUP(Table1[[#This Row],[Department]],sheet2!$A$2:$A$6,sheet2!$B$2:$B$6,_xleta.NA,0) -> HR Manager | E8: =DATE(RANDBETWEEN(2018, 2022), RANDBETWEEN(1, 12), RANDBETWEEN(1, 28)) -> 43635 | F8: =Table1[[#This Row],[Job Posting Date]]+ RANDBETWEEN(15, 90) -> 43655 | G8: =Table1[[#This Row],[Hire Date]]+ RANDBETWEEN(1, 15) -> 43668 | H8: =IF(RAND() < 0.5, Table1[[#This Row],[Join Date]]+ RANDBETWEEN(30, TODAY()- Table1[[#This Row],[Join Date]]), "-") -> - | I8: =IF(Table1[[#This Row],[Exit Date]]= "-", "Active", "Exited") -> Active | J8: =RANDBETWEEN(1500, 5000) -> 3160 | K8: =Table1[[#This Row],[Offers Made]]*2 -> 12 | L8: =RANDBETWEEN(3, 8) -> 6 | M8: =RANDBETWEEN(1, L8-1) -> 2 | N8: =CHOOSE(RANDBETWEEN(1, 4), "Job Portals", "Campus Placements", "Employee Referrals", "Direct Hiring") -> Employee Referrals | O8: =RANDBETWEEN(1,5) -> 5 | P8: =CHOOSE(RANDBETWEEN(1, 2), "Yes", "No") -> No | Q8: {=INDEX(sheet2!$C$2:$C$6, RANDBETWEEN(1, 5))} -> Advanced Excel Skills | R8: =IF(RAND() < 0.7, "Completed", "Not Completed") -> Not Completed | S8: =Table1[[#This Row],[Hire Date]]-Table1[[#This Row],[Job Posting Date]] -> 20
A9: ="EMP" & TEXT(ROW(A8), "000") -> EMP008 | B9: =CHOOSE(RANDBETWEEN(1, 2), "Male", "Female") -> Female | C9: {=INDEX(sheet2!$A$2:$A$6, RANDBETWEEN(1, 5))} -> Analytics | D9: =_xlfn.XLOOKUP(Table1[[#This Row],[Department]],sheet2!$A$2:$A$6,sheet2!$B$2:$B$6,_xleta.NA,0) -> Data Analyst | E9: =DATE(RANDBETWEEN(2018, 2022), RANDBETWEEN(1, 12), RANDBETWEEN(1, 28)) -> 43958 | F9: =Table1[[#This Row],[Job Posting Date]]+ RANDBETWEEN(15, 90) -> 43983 | G9: =Table1[[#This Row],[Hire Date]]+ RANDBETWEEN(1, 15) -> 43987 | H9: =IF(RAND() < 0.5, Table1[[#This Row],[Join Date]]+ RANDBETWEEN(30, TODAY()- Table1[[#This Row],[Join Date]]), "-") -> - | I9: =IF(Table1[[#This Row],[Exit Date]]= "-", "Active", "Exited") -> Active | J9: =RANDBETWEEN(1500, 5000) -> 4319 | K9: =Table1[[#This Row],[Offers Made]]*2 -> 16 | L9: =RANDBETWEEN(3, 8) -> 8 | M9: =RANDBETWEEN(1, L9-1) -> 6 | N9: =CHOOSE(RANDBETWEEN(1, 4), "Job Portals", "Campus Placements", "Employee Referrals", "Direct Hiring") -> Campus Placements | O9: =RANDBETWEEN(1,5) -> 2 | P9: =CHOOSE(RANDBETWEEN(1, 2), "Yes", "No") -> Yes | Q9: {=INDEX(sheet2!$C$2:$C$6, RANDBETWEEN(1, 5))} -> Ethics and Responsibilities | R9: =IF(RAND() < 0.7, "Completed", "Not Completed") -> Completed | S9: =Table1[[#This Row],[Hire Date]]-Table1[[#This Row],[Job Posting Date]] -> 25
A10: ="EMP" & TEXT(ROW(A9), "000") -> EMP009 | B10: =CHOOSE(RANDBETWEEN(1, 2), "Male", "Female") -> Male | C10: {=INDEX(sheet2!$A$2:$A$6, RANDBETWEEN(1, 5))} -> Finance | D10: =_xlfn.XLOOKUP(Table1[[#This Row],[Department]],sheet2!$A$2:$A$6,sheet2!$B$2:$B$6,_xleta.NA,0) -> Finance Manager | E10: =DATE(RANDBETWEEN(2018, 2022), RANDBETWEEN(1, 12), RANDBETWEEN(1, 28)) -> 43453 | F10: =Table1[[#This Row],[Job Posting Date]]+ RANDBETWEEN(15, 90) -> 43510 | G10: =Table1[[#This Row],[Hire Date]]+ RANDBETWEEN(1, 15) -> 43523 | H10: =IF(RAND() < 0.5, Table1[[#This Row],[Join Date]]+ RANDBETWEEN(30, TODAY()- Table1[[#This Row],[Join Date]]), "-") -> - | I10: =IF(Table1[[#This Row],[Exit Date]]= "-", "Active", "Exited") -> Active | J10: =RANDBETWEEN(1500, 5000) -> 4114 | K10: =Table1[[#This Row],[Offers Made]]*2 -> 10 | L10: =RANDBETWEEN(3, 8) -> 5 | M10: =RANDBETWEEN(1, L10-1) -> 1 | N10: =CHOOSE(RANDBETWEEN(1, 4), "Job Portals", "Campus Placements", "Employee Referrals", "Direct Hiring") -> Campus Placements | O10: =RANDBETWEEN(1,5) -> 1 | P10: =CHOOSE(RANDBETWEEN(1, 2), "Yes", "No") -> No | Q10: {=INDEX(sheet2!$C$2:$C$6, RANDBETWEEN(1, 5))} -> Ethics and Responsibilities | R10: =IF(RAND() < 0.7, "Completed", "Not Completed") -> Completed | S10: =Table1[[#This Row],[Hire Date]]-Table1[[#This Row],[Job Posting Date]] -> 57
A11: ="EMP" & TEXT(ROW(A10), "000") -> EMP010 | B11: =CHOOSE(RANDBETWEEN(1, 2), "Male", "Female") -> Female | C11: {=INDEX(sheet2!$A$2:$A$6, RANDBETWEEN(1, 5))} -> Finance | D11: =_xlfn.XLOOKUP(Table1[[#This Row],[Department]],sheet2!$A$2:$A$6,sheet2!$B$2:$B$6,_xleta.NA,0) -> Finance Manager | E11: =DATE(RANDBETWEEN(2018, 2022), RANDBETWEEN(1, 12), RANDBETWEEN(1, 28)) -> 43287 | F11: =Table1[[#This Row],[Job Posting Date]]+ RANDBETWEEN(15, 90) -> 43302 | G11: =Table1[[#This Row],[Hire Date]]+ RANDBETWEEN(1, 15) -> 43314 | H11: =IF(RAND() < 0.5, Table1[[#This Row],[Join Date]]+ RANDBETWEEN(30, TODAY()- Table1[[#This Row],[Join Date]]), "-") -> - | I11: =IF(Table1[[#This Row],[Exit Date]]= "-", "Active", "Exited") -> Active | J11: =RANDBETWEEN(1500, 5000) -> 2798 | K11: =Table1[[#This Row],[Offers Made]]*2 -> 12 | L11: =RANDBETWEEN(3, 8) -> 6 | M11: =RANDBETWEEN(1, L11-1) -> 1 | N11: =CHOOSE(RANDBETWEEN(1, 4), "Job Portals", "Campus Placements", "Employee Referrals", "Direct Hiring") -> Direct Hiring | O11: =RANDBETWEEN(1,5) -> 1 | P11: =CHOOSE(RANDBETWEEN(1, 2), "Yes", "No") -> No | Q11: {=INDEX(sheet2!$C$2:$C$6, RANDBETWEEN(1, 5))} -> Advanced Excel Skills | R11: =IF(RAND() < 0.7, "Completed", "Not Completed") -> Completed | S11: =Table1[[#This Row],[Hire Date]]-Table1[[#This Row],[Job Posting Date]] -> 15
A12: ="EMP" & TEXT(ROW(A11), "000") -> EMP011 | B12: =CHOOSE(RANDBETWEEN(1, 2), "Male", "Female") -> Female | C12: {=INDEX(sheet2!$A$2:$A$6, RANDBETWEEN(1, 5))} -> Analytics | D12: =_xlfn.XLOOKUP(Table1[[#This Row],[Department]],sheet2!$A$2:$A$6,sheet2!$B$2:$B$6,_xleta.NA,0) -> Data Analyst | E12: =DATE(RANDBETWEEN(2018, 2022), RANDBETWEEN(1, 12), RANDBETWEEN(1, 28)) -> 44106 | F12: =Table1[[#This Row],[Job Posting Date]]+ RANDBETWEEN(15, 90) -> 44174 | G12: =Table1[[#This Row],[Hire Date]]+ RANDBETWEEN(1, 15) -> 44187 | H12: =IF(RAND() < 0.5, Table1[[#This Row],[Join Date]]+ RANDBETWEEN(30, TODAY()- Table1[[#This Row],[Join Date]]), "-") -> 44966 | I12: =IF(Table1[[#This Row],[Exit Date]]= "-", "Active", "Exited") -> Exited | J12: =RANDBETWEEN(1500, 5000) -> 1955 | K12: =Table1[[#This Row],[Offers Made]]*2 -> 16 | L12: =RANDBETWEEN(3, 8) -> 8 | M12: =RANDBETWEEN(1, L12-1) -> 5 | N12: =CHOOSE(RANDBETWEEN(1, 4), "Job Portals", "Campus Placements", "Employee Referrals", "Direct Hiring") -> Campus Placements | O12: =RANDBETWEEN(1,5) -> 2 | P12: =CHOOSE(RANDBETWEEN(1, 2), "Yes", "No") -> Yes | Q12: {=INDEX(sheet2!$C$2:$C$6, RANDBETWEEN(1, 5))} -> Communication Skills | R12: =IF(RAND() < 0.7, "Completed", "Not Completed") -> Completed | S12: =Table1[[#This Row],[Hire Date]]-Table1[[#This Row],[Job Posting Date]] -> 68
A13: ="EMP" & TEXT(ROW(A12), "000") -> EMP012 | B13: =CHOOSE(RANDBETWEEN(1, 2), "Male", "Female") -> Female | C13: {=INDEX(sheet2!$A$2:$A$6, RANDBETWEEN(1, 5))} -> HR | D13: =_xlfn.XLOOKUP(Table1[[#This Row],[Department]],sheet2!$A$2:$A$6,sheet2!$B$2:$B$6,_xleta.NA,0) -> HR Manager | E13: =DATE(RANDBETWEEN(2018, 2022), RANDBETWEEN(1, 12), RANDBETWEEN(1, 28)) -> 43710 | F13: =Table1[[#This Row],[Job Posting Date]]+ RANDBETWEEN(15, 90) -> 43785 | G13: =Table1[[#This Row],[Hire Date]]+ RANDBETWEEN(1, 15) -> 43798 | H13: =IF(RAND() < 0.5, Table1[[#This Row],[Join Date]]+ RANDBETWEEN(30, TODAY()- Table1[[#This Row],[Join Date]]), "-") -> 44414 | I13: =IF(Table1[[#This Row],[Exit Date]]= "-", "Active", "Exited") -> Exited | J13: =RANDBETWEEN(1500, 5000) -> 3482 | K13: =Table1[[#This Row],[Offers Made]]*2 -> 8 | L13: =RANDBETWEEN(3, 8) -> 4 | M13: =RANDBETWEEN(1, L13-1) -> 3 | N13: =CHOOSE(RANDBETWEEN(1, 4), "Job Portals", "Campus Placements", "Employee Referrals", "Direct Hiring") -> Campus Placements | O13: =RANDBETWEEN(1,5) -> 1 | P13: =CHOOSE(RANDBETWEEN(1, 2), "Yes", "No") -> Yes | Q13: {=INDEX(sheet2!$C$2:$C$6, RANDBETWEEN(1, 5))} -> Communication Skills | R13: =IF(RAND() < 0.7, "Completed", "Not Completed") -> Completed | S13: =Table1[[#This Row],[Hire Date]]-Table1[[#This Row],[Job Posting Date]] -> 75
A14: ="EMP" & TEXT(ROW(A13), "000") -> EMP013 | B14: =CHOOSE(RANDBETWEEN(1, 2), "Male", "Female") -> Male | C14: {=INDEX(sheet2!$A$2:$A$6, RANDBETWEEN(1, 5))} -> IT | D14: =_xlfn.XLOOKUP(Table1[[#This Row],[Department]],sheet2!$A$2:$A$6,sheet2!$B$2:$B$6,_xleta.NA,0) -> Software Engineer | E14: =DATE(RANDBETWEEN(2018, 2022), RANDBETWEEN(1, 12), RANDBETWEEN(1, 28)) -> 44729 | F14: =Table1[[#This Row],[Job Posting Date]]+ RANDBETWEEN(15, 90) -> 44753 | G14: =Table1[[#This Row],[Hire Date]]+ RANDBETWEEN(1, 15) -> 44763 | H14: =IF(RAND() < 0.5, Table1[[#This Row],[Join Date]]+ RANDBETWEEN(30, TODAY()- Table1[[#This Row],[Join Date]]), "-") -> - | I14: =IF(Table1[[#This Row],[Exit Date]]= "-", "Active", "Exited") -> Active | J14: =RANDBETWEEN(1500, 5000) -> 2391 | K14: =Table1[[#This Row],[Offers Made]]*2 -> 14 | L14: =RANDBETWEEN(3, 8) -> 7 | M14: =RANDBETWEEN(1, L14-1) -> 5 | N14: =CHOOSE(RANDBETWEEN(1, 4), "Job Portals", "Campus Placements", "Employee Referrals", "Direct Hiring") -> Direct Hiring | O14: =RANDBETWEEN(1,5) -> 2 | P14: =CHOOSE(RANDBETWEEN(1, 2), "Yes", "No") -> Yes | Q14: {=INDEX(sheet2!$C$2:$C$6, RANDBETWEEN(1, 5))} -> Advanced Excel Skills | R14: =IF(RAND() < 0.7, "Completed", "Not Completed") -> Completed | S14: =Table1[[#This Row],[Hire Date]]-Table1[[#This Row],[Job Posting Date]] -> 24
A15: ="EMP" & TEXT(ROW(A14), "000") -> EMP014 | B15: =CHOOSE(RANDBETWEEN(1, 2), "Male", "Female") -> Male | C15: {=INDEX(sheet2!$A$2:$A$6, RANDBETWEEN(1, 5))} -> Analytics | D15: =_xlfn.XLOOKUP(Table1[[#This Row],[Department]],sheet2!$A$2:$A$6,sheet2!$B$2:$B$6,_xleta.NA,0) -> Data Analyst | E15: =DATE(RANDBETWEEN(2018, 2022), RANDBETWEEN(1, 12), RANDBETWEEN(1, 28)) -> 43917 | F15: =Table1[[#This Row],[Job Posting Date]]+ RANDBETWEEN(15, 90) -> 43970 | G15: =Table1[[#This Row],[Hire Date]]+ RANDBETWEEN(1, 15) -> 43972 | H15: =IF(RAND() < 0.5, Table1[[#This Row],[Join Date]]+ RANDBETWEEN(30, TODAY()- Table1[[#This Row],[Join Date]]), "-") -> 45061 | I15: =IF(Table1[[#This Row],[Exit Date]]= "-", "Active", "Exited") -> Exited | J15: =RANDBETWEEN(1500, 5000) -> 2830 | K15: =Table1[[#This Row],[Offers Made]]*2 -> 10 | L15: =RANDBETWEEN(3, 8) -> 5 | M15: =RANDBETWEEN(1, L15-1) -> 4 | N15: =CHOOSE(RANDBETWEEN(1, 4), "Job Portals", "Campus Placements", "Employee Referrals", "Direct Hiring") -> Campus Placements | O15: =RANDBETWEEN(1,5) -> 2 | P15: =CHOOSE(RANDBETWEEN(1, 2), "Yes", "No") -> No | Q15: {=INDEX(sheet2!$C$2:$C$6, RANDBETWEEN(1, 5))} -> Advanced Excel Skills | R15: =IF(RAND() < 0.7, "Completed", "Not Completed") -> Completed | S15: =Table1[[#This Row],[Hire Date]]-Table1[[#This Row],[Job Posting Date]] -> 53
A16: ="EMP" & TEXT(ROW(A15), "000") -> EMP015 | B16: =CHOOSE(RANDBETWEEN(1, 2), "Male", "Female") -> Male | C16: {=INDEX(sheet2!$A$2:$A$6, RANDBETWEEN(1, 5))} -> Analytics | D16: =_xlfn.XLOOKUP(Table1[[#This Row],[Department]],sheet2!$A$2:$A$6,sheet2!$B$2:$B$6,_xleta.NA,0) -> Data Analyst | E16: =DATE(RANDBETWEEN(2018, 2022), RANDBETWEEN(1, 12), RANDBETWEEN(1, 28)) -> 43972 | F16: =Table1[[#This Row],[Job Posting Date]]+ RANDBETWEEN(15, 90) -> 44061 | G16: =Table1[[#This Row],[Hire Date]]+ RANDBETWEEN(1, 15) -> 44070 | H16: =IF(RAND() < 0.5, Table1[[#This Row],[Join Date]]+ RANDBETWEEN(30, TODAY()- Table1[[#This Row],[Join Date]]), "-") -> - | I16: =IF(Table1[[#This Row],[Exit Date]]= "-", "Active", "Exited") -> Active | J16: =RANDBETWEEN(1500, 5000) -> 1974 | K16: =Table1[[#This Row],[Offers Made]]*2 -> 6 | L16: =RANDBETWEEN(3, 8) -> 3 | M16: =RANDBETWEEN(1, L16-1) -> 1 | N16: =CHOOSE(RANDBETWEEN(1, 4), "Job Portals", "Campus Placements", "Employee Referrals", "Direct Hiring") -> Employee Referrals | O16: =RANDBETWEEN(1,5) -> 1 | P16: =CHOOSE(RANDBETWEEN(1, 2), "Yes", "No") -> No | Q16: {=INDEX(sheet2!$C$2:$C$6, RANDBETWEEN(1, 5))} -> Leadership Development | R16: =IF(RAND() < 0.7, "Completed", "Not Completed") -> Completed | S16: =Table1[[#This Row],[Hire Date]]-Table1[[#This Row],[Job Posting Date]] -> 89
A17: ="EMP" & TEXT(ROW(A16), "000") -> EMP016 | B17: =CHOOSE(RANDBETWEEN(1, 2), "Male", "Female") -> Male | C17: {=INDEX(sheet2!$A$2:$A$6, RANDBETWEEN(1, 5))} -> Finance | D17: =_xlfn.XLOOKUP(Table1[[#This Row],[Department]],sheet2!$A$2:$A$6,sheet2!$B$2:$B$6,_xleta.NA,0) -> Finance Manager | E17: =DATE(RANDBETWEEN(2018, 2022), RANDBETWEEN(1, 12), RANDBETWEEN(1, 28)) -> 43756 | F17: =Table1[[#This Row],[Job Posting Date]]+ RANDBETWEEN(15, 90) -> 43808 | G17: =Table1[[#This Row],[Hire Date]]+ RANDBETWEEN(1, 15) -> 43817 | H17: =IF(RAND() < 0.5, Table1[[#This Row],[Join Date]]+ RANDBETWEEN(30, TODAY()- Table1[[#This Row],[Join Date]]), "-") -> - | I17: =IF(Table1[[#This Row],[Exit Date]]= "-", "Active", "Exited") -> Active | J17: =RANDBETWEEN(1500, 5000) -> 2500 | K17: =Table1[[#This Row],[Offers Made]]*2 -> 14 | L17: =RANDBETWEEN(3, 8) -> 7 | M17: =RANDBETWEEN(1, L17-1) -> 1 | N17: =CHOOSE(RANDBETWEEN(1, 4), "Job Portals", "Campus Placements", "Employee Referrals", "Direct Hiring") -> Campus Placements | O17: =RANDBETWEEN(1,5) -> 5 | P17: =CHOOSE(RANDBETWEEN(1, 2), "Yes", "No") -> No | Q17: {=INDEX(sheet2!$C$2:$C$6, RANDBETWEEN(1, 5))} -> Conflict Resolution | R17: =IF(RAND() < 0.7, "Completed", "Not Completed") -> Completed | S17: =Table1[[#This Row],[Hire Date]]-Table1[[#This Row],[Job Posting Date]] -> 52
A18: ="EMP" & TEXT(ROW(A17), "000") -> EMP017 | B18: =CHOOSE(RANDBETWEEN(1, 2), "Male", "Female") -> Male | C18: {=INDEX(sheet2!$A$2:$A$6, RANDBETWEEN(1, 5))} -> Analytics | D18: =_xlfn.XLOOKUP(Table1[[#This Row],[Department]],sheet2!$A$2:$A$6,sheet2!$B$2:$B$6,_xleta.NA,0) -> Data Analyst | E18: =DATE(RANDBETWEEN(2018, 2022), RANDBETWEEN(1, 12), RANDBETWEEN(1, 28)) -> 43784 | F18: =Table1[[#This Row],[Job Posting Date]]+ RANDBETWEEN(15, 90) -> 43807 | G18: =Table1[[#This Row],[Hire Date]]+ RANDBETWEEN(1, 15) -> 43816 | H18: =IF(RAND() < 0.5, Table1[[#This Row],[Join Date]]+ RANDBETWEEN(30, TODAY()- Table1[[#This Row],[Join Date]]), "-") -> - | I18: =IF(Table1[[#This Row],[Exit Date]]= "-", "Active", "Exited") -> Active | J18: =RANDBETWEEN(1500, 5000) -> 2134 | K18: =Table1[[#This Row],[Offers Made]]*2 -> 14 | L18: =RANDBETWEEN(3, 8) -> 7 | M18: =RANDBETWEEN(1, L18-1) -> 5 | N18: =CHOOSE(RANDBETWEEN(1, 4), "Job Portals", "Campus Placements", "Employee Referrals", "Direct Hiring") -> Campus Placements | O18: =RANDBETWEEN(1,5) -> 1 | P18: =CHOOSE(RANDBETWEEN(1, 2), "Yes", "No") -> No | Q18: {=INDEX(sheet2!$C$2:$C$6, RANDBETWEEN(1, 5))} -> Leadership Development | R18: =IF(RAND() < 0.7, "Completed", "Not Completed") -> Completed | S18: =Table1[[#This Row],[Hire Date]]-Table1[[#This Row],[Job Posting Date]] -> 23
... A501: ="EMP" & TEXT(ROW(A500), "000") -> EMP500 | B501: =CHOOSE(RANDBETWEEN(1, 2), "Male", "Female") -> Male | C501: {=INDEX(sheet2!$A$2:$A$6, RANDBETWEEN(1, 5))} -> Sales | D501: =_xlfn.XLOOKUP(Table1[[#This Row],[Department]],sheet2!$A$2:$A$6,sheet2!$B$2:$B$6,_xleta.NA,0) -> Marketing Manager | E501: =DATE(RANDBETWEEN(2018, 2022), RANDBETWEEN(1, 12), RANDBETWEEN(1, 28)) -> 44084 | F501: =Table1[[#This Row],[Job Posting Date]]+ RANDBETWEEN(15, 90) -> 44142 | G501: =Table1[[#This Row],[Hire Date]]+ RANDBETWEEN(1, 15) -> 44145 | H501: =IF(RAND() < 0.5, Table1[[#This Row],[Join Date]]+ RANDBETWEEN(30, TODAY()- Table1[[#This Row],[Join Date]]), "-") -> 44446 | I501: =IF(Table1[[#This Row],[Exit Date]]= "-", "Active", "Exited") -> Exited | J501: =RANDBETWEEN(1500, 5000) -> 4756 | K501: =Table1[[#This Row],[Offers Made]]*2 -> 8 | L501: =RANDBETWEEN(3, 8) -> 4 | M501: =RANDBETWEEN(1, L501-1) -> 1 | N501: =CHOOSE(RANDBETWEEN(1, 4), "Job Portals", "Campus Placements", "Employee Referrals", "Direct Hiring") -> Employee Referrals | O501: =RANDBETWEEN(1,5) -> 2 | P501: =CHOOSE(RANDBETWEEN(1, 2), "Yes", "No") -> No | Q501: {=INDEX(sheet2!$C$2:$C$6, RANDBETWEEN(1, 5))} -> Ethics and Responsibilities | R501: =IF(RAND() < 0.7, "Completed", "Not Completed") -> Not Completed | S501: =Table1[[#This Row],[Hire Date]]-Table1[[#This Row],[Job Posting Date]] -> 58

Sheet sheet2
A1: Department | B1: Job Title | C1: Traning program
A2: IT | B2: Software Engineer | C2: Leadership Development
A3: HR | B3: HR Manager | C3: Advanced Excel Skills
A4: Sales | B4: Marketing Manager | C4: Conflict Resolution
A5: Finance | B5: Finance Manager | C5: Communication Skills
A6: Analytics | B6: Data Analyst | C6: Ethics and Responsibilities
