Workbook
Name AbsenteeDays: 'Random Data'!$M:$M
Name CostofEmployeeTurnover: 'Random Data'!$AA:$AA
Name EmployeeID: 'Random Data'!$A:$A
Name ExitDate: 'Random Data'!$G:$G
Name Gender: 'Random Data'!$N:$N
Name HireDate: 'Random Data'!$E:$E
Name ID: 'Random Data'!$A:$A
Name JobPostingDate: 'Random Data'!$D:$D
Name JobTitle: 'Random Data'!$C:$C
Name JoinDate: 'Random Data'!$F:$F
Name Onboardingcost: 'Random Data'!$W:$W
Name Pasted: #REF!
Name RecruitmentCost: 'Random Data'!$I:$I
Name RecruitmentCycleTime: 'Random Data'!$S:$S
Name Status: 'Random Data'!$H:$H
Name Table2: #REF!
Name Timetofill: 'Random Data'!$P:$P
Name Timetoonboard: 'Random Data'!$Q:$Q
Name TotalTenure: 'Random Data'!#REF!
Name TotalTenureinM: 'Random Data'!$R:$R
Name TotalWorkDays: 'Random Data'!$L:$L
Name TrainingCompletionStatus: 'Random Data'!$K:$K
Name TrainingCost: 'Random Data'!$O:$O
Name TrainingProgram: 'Random Data'!$J:$J

Sheet Random Data
A1: Employee ID | B1: Department | C1: Job Title | D1: Job Posting Date | E1: Hire Date | F1: Join Date | G1: Exit Date | H1: Status | I1: Recruitment Cost | J1: Training Program | K1: Training Completion Status | L1: Total Work Days | M1: Absentee Days | N1: Gender | O1: Training Cost | P1: Time to Fill | Q1: Time to onboard | R1: Total Tenure in M | S1: Recruitment Cycle Time | T1: Onboarding Efficiency Rate | U1: indiv onboard efficiency rate | V1: Recruitment lag | W1: Onboarding cost | X1: Absenteeism Rate | Y1: year of joining | Z1: Retention Status | AA1: Cost of Employee Turnover | AB1: Column1
A2: ="E" & TEXT(ROW(A1), "000") -> E001 | B2: {=INDEX(sheet2!$A$2:$A$6, RANDBETWEEN(1, 5))} -> Finance | C2: =_xlfn.XLOOKUP(Table1[[#This Row],[Department]],sheet2!$A$2:$A$6,sheet2!$B$2:$B$6,_xleta.NA,0) -> Finance Manager | D2: =DATE(RANDBETWEEN(2018, 2022), RANDBETWEEN(1, 12), RANDBETWEEN(1, 28)) -> 43297 | E2: =Table1[[#This Row],[Job Posting Date]]+ RANDBETWEEN(15, 90) -> 43329 | F2: =Table1[[#This Row],[Hire Date]]+ RANDBETWEEN(1, 15) -> 43334 | G2: =IF(RAND() < 0.5, Table1[[#This Row],[Join Date]]+ RANDBETWEEN(30, TODAY()- Table1[[#This Row],[Join Date]]), "-") -> 45505 | H2: =IF(Table1[[#This Row],[Exit Date]]= "-", "Active", "Exited") -> Exited | I2: =RANDBETWEEN(1500, 5000) -> 1760 | J2: {=INDEX(sheet2!$C$2:$C$6, RANDBETWEEN(1, 5))} -> Communication Skills | K2: =IF(RAND() < 0.7, "Completed", "Not Completed") -> Completed | L2: 260 | M2: =RANDBETWEEN(0, 20) -> 10 | N2: =CHOOSE(RANDBETWEEN(1, 3), "Male", "Female", "Other") -> Male | O2: =RANDBETWEEN(1200, 2500) -> 2450 | P2: =Table1[[#This Row],[Hire Date]]-Table1[[#This Row],[Job Posting Date]] -> 32 | Q2: =Table1[[#This Row],[Join Date]]-Table1[[#This Row],[Hire Date]] -> 5 | R2: =(IF(Table1[[#This Row],[Status]]="Exited",Table1[[#This Row],[Exit Date]]-Table1[[#This Row],[Join Date]],TODAY()-Table1[[#This Row],[Join Date]]))/30 -> 72.366667 | S2: =Table1[[#This Row],[Hire Date]]-Table1[[#This Row],[Job Posting Date]] -> 32 | T2: =Table1[[#This Row],[Time to onboard]]/Table1[[#This Row],[Time to Fill]]*100 -> 15.625 | U2: =Table1[[#This Row],[Time to onboard]]/Table1[[#This Row],[Time to Fill]]*100 -> 15.625 | V2: =Table1[[#This Row],[Join Date]]-Table1[[#This Row],[Job Posting Date]] -> 37 | W2: =RANDBETWEEN(100,200) -> 187 | X2: =Table1[[#This Row],[Absentee Days]]/Table1[[#This Row],[Total Work Days]]*100 -> 3.8461538 | Y2: =YEAR(Table1[[#This Row],[Join Date]]) -> 2018 | Z2: =IF(Table1[[#This Row],[Status]]="Active",1,0) -> 0 | AA2: =IF(Table1[[#This Row],[Status]]="Exited",Table1[[#This Row],[Recruitment Cost]]+Table1[[#This Row],[Onboarding cost]]+Table1[[#This Row],[Training Cost]],0) -> 4397
A3: ="E" & TEXT(ROW(A2), "000") -> E002 | B3: {=INDEX(sheet2!$A$2:$A$6, RANDBETWEEN(1, 5))} -> IT | C3: =_xlfn.XLOOKUP(Table1[[#This Row],[Department]],sheet2!$A$2:$A$6,sheet2!$B$2:$B$6,_xleta.NA,0) -> Software Engineer | D3: =DATE(RANDBETWEEN(2018, 2022), RANDBETWEEN(1, 12), RANDBETWEEN(1, 28)) -> 43664 | E3: =Table1[[#This Row],[Job Posting Date]]+ RANDBETWEEN(15, 90) -> 43701 | F3: =Table1[[#This Row],[Hire Date]]+ RANDBETWEEN(1, 15) -> 43713 | G3: =IF(RAND() < 0.5, Table1[[#This Row],[Join Date]]+ RANDBETWEEN(30, TODAY()- Table1[[#This Row],[Join Date]]), "-") -> 44492 | H3: =IF(Table1[[#This Row],[Exit Date]]= "-", "Active", "Exited") -> Exited | I3: =RANDBETWEEN(1500, 5000) -> 1572 | J3: {=INDEX(sheet2!$C$2:$C$6, RANDBETWEEN(1, 5))} -> Communication Skills | K3: =IF(RAND() < 0.7, "Completed", "Not Completed") -> Not Completed | L3: 260 | M3: =RANDBETWEEN(0, 20) -> 14 | N3: =CHOOSE(RANDBETWEEN(1, 3), "Male", "Female", "Other") -> Other | O3: =RANDBETWEEN(1200, 2500) -> 1563 | P3: =Table1[[#This Row],[Hire Date]]-Table1[[#This Row],[Job Posting Date]] -> 37 | Q3: =Table1[[#This Row],[Join Date]]-Table1[[#This Row],[Hire Date]] -> 12 | R3: =(IF(Table1[[#This Row],[Status]]="Exited",Table1[[#This Row],[Exit Date]]-Table1[[#This Row],[Join Date]],TODAY()-Table1[[#This Row],[Join Date]]))/30 -> 25.966667 | S3: =Table1[[#This Row],[Hire Date]]-Table1[[#This Row],[Job Posting Date]] -> 37 | T3: =Table1[[#This Row],[Time to onboard]]/Table1[[#This Row],[Time to Fill]]*100 -> 32.432432 | U3: =Table1[[#This Row],[Time to onboard]]/Table1[[#This Row],[Time to Fill]]*100 -> 32.432432 | V3: =Table1[[#This Row],[Join Date]]-Table1[[#This Row],[Job Posting Date]] -> 49 | W3: =RANDBETWEEN(100,200) -> 131 | X3: =Table1[[#This Row],[Absentee Days]]/Table1[[#This Row],[Total Work Days]]*100 -> 5.3846154 | Y3: =YEAR(Table1[[#This Row],[Join Date]]) -> 2019 | Z3: =IF(Table1[[#This Row],[Status]]="Active",1,0) -> 0 | AA3: =IF(Table1[[#This Row],[Status]]="Exited",Table1[[#This Row],[Recruitment Cost]]+Table1[[#This Row],[Onboarding cost]]+Table1[[#This Row],[Training Cost]],0) -> 3266
A4: ="E" & TEXT(ROW(A3), "000") -> E003 | B4: {=INDEX(sheet2!$A$2:$A$6, RANDBETWEEN(1, 5))} -> IT | C4: =_xlfn.XLOOKUP(Table1[[#This Row],[Department]],sheet2!$A$2:$A$6,sheet2!$B$2:$B$6,_xleta.NA,0) -> Software Engineer | D4: =DATE(RANDBETWEEN(2018, 2022), RANDBETWEEN(1, 12), RANDBETWEEN(1, 28)) -> 43783 | E4: =Table1[[#This Row],[Job Posting Date]]+ RANDBETWEEN(15, 90) -> 43830 | F4: =Table1[[#This Row],[Hire Date]]+ RANDBETWEEN(1, 15) -> 43838 | G4: =IF(RAND() < 0.5, Table1[[#This Row],[Join Date]]+ RANDBETWEEN(30, TODAY()- Table1[[#This Row],[Join Date]]), "-") -> 44583 | H4: =IF(Table1[[#This Row],[Exit Date]]= "-", "Active", "Exited") -> Exited | I4: =RANDBETWEEN(1500, 5000) -> 2649 | J4: {=INDEX(sheet2!$C$2:$C$6, RANDBETWEEN(1, 5))} -> Advanced Excel Skills | K4: =IF(RAND() < 0.7, "Completed", "Not Completed") -> Completed | L4: 260 | M4: =RANDBETWEEN(0, 20) -> 5 | N4: =CHOOSE(RANDBETWEEN(1, 3), "Male", "Female", "Other") -> Male | O4: =RANDBETWEEN(1200, 2500) -> 2245 | P4: =Table1[[#This Row],[Hire Date]]-Table1[[#This Row],[Job Posting Date]] -> 47 | Q4: =Table1[[#This Row],[Join Date]]-Table1[[#This Row],[Hire Date]] -> 8 | R4: =(IF(Table1[[#This Row],[Status]]="Exited",Table1[[#This Row],[Exit Date]]-Table1[[#This Row],[Join Date]],TODAY()-Table1[[#This Row],[Join Date]]))/30 -> 24.833333 | S4: =Table1[[#This Row],[Hire Date]]-Table1[[#This Row],[Job Posting Date]] -> 47 | T4: =Table1[[#This Row],[Time to onboard]]/Table1[[#This Row],[Time to Fill]]*100 -> 17.021277 | U4: =Table1[[#This Row],[Time to onboard]]/Table1[[#This Row],[Time to Fill]]*100 -> 17.021277 | V4: =Table1[[#This Row],[Join Date]]-Table1[[#This Row],[Job Posting Date]] -> 55 | W4: =RANDBETWEEN(100,200) -> 198 | X4: =Table1[[#This Row],[Absentee Days]]/Table1[[#This Row],[Total Work Days]]*100 -> 1.9230769 | Y4: =YEAR(Table1[[#This Row],[Join Date]]) -> 2020 | Z4: =IF(Table1[[#This Row],[Status]]="Active",1,0) -> 0 | AA4: =IF(Table1[[#This Row],[Status]]="Exited",Table1[[#This Row],[Recruitment Cost]]+Table1[[#This Row],[Onboarding cost]]+Table1[[#This Row],[Training Cost]],0) -> 5092
A5: ="E" & TEXT(ROW(A4), "000") -> E004 | B5: {=INDEX(sheet2!$A$2:$A$6, RANDBETWEEN(1, 5))} -> Finance | C5: =_xlfn.XLOOKUP(Table1[[#This Row],[Department]],sheet2!$A$2:$A$6,sheet2!$B$2:$B$6,_xleta.NA,0) -> Finance Manager | D5: =DATE(RANDBETWEEN(2018, 2022), RANDBETWEEN(1, 12), RANDBETWEEN(1, 28)) -> 44118 | E5: =Table1[[#This Row],[Job Posting Date]]+ RANDBETWEEN(15, 90) -> 44193 | F5: =Table1[[#This Row],[Hire Date]]+ RANDBETWEEN(1, 15) -> 44199 | G5: =IF(RAND() < 0.5, Table1[[#This Row],[Join Date]]+ RANDBETWEEN(30, TODAY()- Table1[[#This Row],[Join Date]]), "-") -> 44657 | H5: =IF(Table1[[#This Row],[Exit Date]]= "-", "Active", "Exited") -> Exited | I5: =RANDBETWEEN(1500, 5000) -> 4078 | J5: {=INDEX(sheet2!$C$2:$C$6, RANDBETWEEN(1, 5))} -> Leadership Development | K5: =IF(RAND() < 0.7, "Completed", "Not Completed") -> Completed | L5: 260 | M5: =RANDBETWEEN(0, 20) -> 14 | N5: =CHOOSE(RANDBETWEEN(1, 3), "Male", "Female", "Other") -> Female | O5: =RANDBETWEEN(1200, 2500) -> 1845 | P5: =Table1[[#This Row],[Hire Date]]-Table1[[#This Row],[Job Posting Date]] -> 75 | Q5: =Table1[[#This Row],[Join Date]]-Table1[[#This Row],[Hire Date]] -> 6 | R5: =(IF(Table1[[#This Row],[Status]]="Exited",Table1[[#This Row],[Exit Date]]-Table1[[#This Row],[Join Date]],TODAY()-Table1[[#This Row],[Join Date]]))/30 -> 15.266667 | S5: =Table1[[#This Row],[Hire Date]]-Table1[[#This Row],[Job Posting Date]] -> 75 | T5: =Table1[[#This Row],[Time to onboard]]/Table1[[#This Row],[Time to Fill]]*100 -> 8 | U5: =Table1[[#This Row],[Time to onboard]]/Table1[[#This Row],[Time to Fill]]*100 -> 8 | V5: =Table1[[#This Row],[Join Date]]-Table1[[#This Row],[Job Posting Date]] -> 81 | W5: =RANDBETWEEN(100,200) -> 136 | X5: =Table1[[#This Row],[Absentee Days]]/Table1[[#This Row],[Total Work Days]]*100 -> 5.3846154 | Y5: =YEAR(Table1[[#This Row],[Join Date]]) -> 2021 | Z5: =IF(Table1[[#This Row],[Status]]="Active",1,0) -> 0 | AA5: =IF(Table1[[#This Row],[Status]]="Exited",Table1[[#This Row],[Recruitment Cost]]+Table1[[#This Row],[Onboarding cost]]+Table1[[#This Row],[Training Cost]],0) -> 6059 | AD5: Turnover Rate | AE5: Retention Rate | AF5: Training completion rate | AG5: Average time to fill | AH5: Average employee tenure
A6: ="E" & TEXT(ROW(A5), "000") -> E005 | B6: {=INDEX(sheet2!$A$2:$A$6, RANDBETWEEN(1, 5))} -> Sales | C6: =_xlfn.XLOOKUP(Table1[[#This Row],[Department]],sheet2!$A$2:$A$6,sheet2!$B$2:$B$6,_xleta.NA,0) -> Marketing Manager | D6: =DATE(RANDBETWEEN(2018, 2022), RANDBETWEEN(1, 12), RANDBETWEEN(1, 28)) -> 44088 | E6: =Table1[[#This Row],[Job Posting Date]]+ RANDBETWEEN(15, 90) -> 44142 | F6: =Table1[[#This Row],[Hire Date]]+ RANDBETWEEN(1, 15) -> 44145 | G6: =IF(RAND() < 0.5, Table1[[#This Row],[Join Date]]+ RANDBETWEEN(30, TODAY()- Table1[[#This Row],[Join Date]]), "-") -> - | H6: =IF(Table1[[#This Row],[Exit Date]]= "-", "Active", "Exited") -> Active | I6: =RANDBETWEEN(1500, 5000) -> 4771 | J6: {=INDEX(sheet2!$C$2:$C$6, RANDBETWEEN(1, 5))} -> Ethics and Responsibilities | K6: =IF(RAND() < 0.7, "Completed", "Not Completed") -> Completed | L6: 260 | M6: =RANDBETWEEN(0, 20) -> 16 | N6: =CHOOSE(RANDBETWEEN(1, 3), "Male", "Female", "Other") -> Male | O6: =RANDBETWEEN(1200, 2500) -> 2032 | P6: =Table1[[#This Row],[Hire Date]]-Table1[[#This Row],[Job Posting Date]] -> 54 | Q6: =Table1[[#This Row],[Join Date]]-Table1[[#This Row],[Hire Date]] -> 3 | R6: =(IF(Table1[[#This Row],[Status]]="Exited",Table1[[#This Row],[Exit Date]]-Table1[[#This Row],[Join Date]],TODAY()-Table1[[#This Row],[Join Date]]))/30 -> 50.6 | S6: =Table1[[#This Row],[Hire Date]]-Table1[[#This Row],[Job Posting Date]] -> 54 | T6: =Table1[[#This Row],[Time to onboard]]/Table1[[#This Row],[Time to Fill]]*100 -> 5.5555556 | U6: =Table1[[#This Row],[Time to onboard]]/Table1[[#This Row],[Time to Fill]]*100 -> 5.5555556 | V6: =Table1[[#This Row],[Join Date]]-Table1[[#This Row],[Job Posting Date]] -> 57 | W6: =RANDBETWEEN(100,200) -> 199 | X6: =Table1[[#This Row],[Absentee Days]]/Table1[[#This Row],[Total Work Days]]*100 -> 6.1538462 | Y6: =YEAR(Table1[[#This Row],[Join Date]]) -> 2020 | Z6: =IF(Table1[[#This Row],[Status]]="Active",1,0) -> 1 | AA6: =IF(Table1[[#This Row],[Status]]="Exited",Table1[[#This Row],[Recruitment Cost]]+Table1[[#This Row],[Onboarding cost]]+Table1[[#This Row],[Training Cost]],0) -> 0 | AD6: =(COUNTIF(Status,"Exited") / COUNTA(Status)) * 100 -> 51.497006 | AE6: =((COUNTIF(Status,"Active")) / COUNTA(Status)) * 100 -> 48.303393 | AF6: =(COUNTIF(TrainingCompletionStatus,"Completed") / COUNTA(TrainingCompletionStatus)) * 100 -> 69.860279 | AG6: =AVERAGE(Timetofill) -> 53.482 | AH6: =AVERAGE(TotalTenureinM) -> 39.470867
A7: ="E" & TEXT(ROW(A6), "000") -> E006 | B7: {=INDEX(sheet2!$A$2:$A$6, RANDBETWEEN(1, 5))} -> Sales | C7: =_xlfn.XLOOKUP(Table1[[#This Row],[Department]],sheet2!$A$2:$A$6,sheet2!$B$2:$B$6,_xleta.NA,0) -> Marketing Manager | D7: =DATE(RANDBETWEEN(2018, 2022), RANDBETWEEN(1, 12), RANDBETWEEN(1, 28)) -> 43942 | E7: =Table1[[#This Row],[Job Posting Date]]+ RANDBETWEEN(15, 90) -> 43997 | F7: =Table1[[#This Row],[Hire Date]]+ RANDBETWEEN(1, 15) -> 43998 | G7: =IF(RAND() < 0.5, Table1[[#This Row],[Join Date]]+ RANDBETWEEN(30, TODAY()- Table1[[#This Row],[Join Date]]), "-") -> - | H7: =IF(Table1[[#This Row],[Exit Date]]= "-", "Active", "Exited") -> Active | I7: =RANDBETWEEN(1500, 5000) -> 1862 | J7: {=INDEX(sheet2!$C$2:$C$6, RANDBETWEEN(1, 5))} -> Conflict Resolution | K7: =IF(RAND() < 0.7, "Completed", "Not Completed") -> Completed | L7: 260 | M7: =RANDBETWEEN(0, 20) -> 9 | N7: =CHOOSE(RANDBETWEEN(1, 3), "Male", "Female", "Other") -> Female | O7: =RANDBETWEEN(1200, 2500) -> 1670 | P7: =Table1[[#This Row],[Hire Date]]-Table1[[#This Row],[Job Posting Date]] -> 55 | Q7: =Table1[[#This Row],[Join Date]]-Table1[[#This Row],[Hire Date]] -> 1 | R7: =(IF(Table1[[#This Row],[Status]]="Exited",Table1[[#This Row],[Exit Date]]-Table1[[#This Row],[Join Date]],TODAY()-Table1[[#This Row],[Join Date]]))/30 -> 55.5 | S7: =Table1[[#This Row],[Hire Date]]-Table1[[#This Row],[Job Posting Date]] -> 55 | T7: =Table1[[#This Row],[Time to onboard]]/Table1[[#This Row],[Time to Fill]]*100 -> 1.8181818 | U7: =Table1[[#This Row],[Time to onboard]]/Table1[[#This Row],[Time to Fill]]*100 -> 1.8181818 | V7: =Table1[[#This Row],[Join Date]]-Table1[[#This Row],[Job Posting Date]] -> 56 | W7: =RANDBETWEEN(100,200) -> 106 | X7: =Table1[[#This Row],[Absentee Days]]/Table1[[#This Row],[Total Work Days]]*100 -> 3.4615385 | Y7: =YEAR(Table1[[#This Row],[Join Date]]) -> 2020 | Z7: =IF(Table1[[#This Row],[Status]]="Active",1,0) -> 1 | AA7: =IF(Table1[[#This Row],[Status]]="Exited",Table1[[#This Row],[Recruitment Cost]]+Table1[[#This Row],[Onboarding cost]]+Table1[[#This Row],[Training Cost]],0) -> 0
A8: ="E" & TEXT(ROW(A7), "000") -> E007 | B8: {=INDEX(sheet2!$A$2:$A$6, RANDBETWEEN(1, 5))} -> IT | C8: =_xlfn.XLOOKUP(Table1[[#This Row],[Department]],sheet2!$A$2:$A$6,sheet2!$B$2:$B$6,_xleta.NA,0) -> Software Engineer | D8: =DATE(RANDBETWEEN(2018, 2022), RANDBETWEEN(1, 12), RANDBETWEEN(1, 28)) -> 43505 | E8: =Table1[[#This Row],[Job Posting Date]]+ RANDBETWEEN(15, 90) -> 43532 | F8: =Table1[[#This Row],[Hire Date]]+ RANDBETWEEN(1, 15) -> 43542 | G8: =IF(RAND() < 0.5, Table1[[#This Row],[Join Date]]+ RANDBETWEEN(30, TODAY()- Table1[[#This Row],[Join Date]]), "-") -> 44911 | H8: =IF(Table1[[#This Row],[Exit Date]]= "-", "Active", "Exited") -> Exited | I8: =RANDBETWEEN(1500, 5000) -> 1542 | J8: {=INDEX(sheet2!$C$2:$C$6, RANDBETWEEN(1, 5))} -> Conflict Resolution | K8: =IF(RAND() < 0.7, "Completed", "Not Completed") -> Completed | L8: 260 | M8: =RANDBETWEEN(0, 20) -> 11 | N8: =CHOOSE(RANDBETWEEN(1, 3), "Male", "Female", "Other") -> Female | O8: =RANDBETWEEN(1200, 2500) -> 2236 | P8: =Table1[[#This Row],[Hire Date]]-Table1[[#This Row],[Job Posting Date]] -> 27 | Q8: =Table1[[#This Row],[Join Date]]-Table1[[#This Row],[Hire Date]] -> 10 | R8: =(IF(Table1[[#This Row],[Status]]="Exited",Table1[[#This Row],[Exit Date]]-Table1[[#This Row],[Join Date]],TODAY()-Table1[[#This Row],[Join Date]]))/30 -> 45.633333 | S8: =Table1[[#This Row],[Hire Date]]-Table1[[#This Row],[Job Posting Date]] -> 27 | T8: =Table1[[#This Row],[Time to onboard]]/Table1[[#This Row],[Time to Fill]]*100 -> 37.037037 | U8: =Table1[[#This Row],[Time to onboard]]/Table1[[#This Row],[Time to Fill]]*100 -> 37.037037 | V8: =Table1[[#This Row],[Join Date]]-Table1[[#This Row],[Job Posting Date]] -> 37 | W8: =RANDBETWEEN(100,200) -> 128 | X8: =Table1[[#This Row],[Absentee Days]]/Table1[[#This Row],[Total Work Days]]*100 -> 4.2307692 | Y8: =YEAR(Table1[[#This Row],[Join Date]]) -> 2019 | Z8: =IF(Table1[[#This Row],[Status]]="Active",1,0) -> 0 | AA8: =IF(Table1[[#This Row],[Status]]="Exited",Table1[[#This Row],[Recruitment Cost]]+Table1[[#This Row],[Onboarding cost]]+Table1[[#This Row],[Training Cost]],0) -> 3906
A9: ="E" & TEXT(ROW(A8), "000") -> E008 | B9: {=INDEX(sheet2!$A$2:$A$6, RANDBETWEEN(1, 5))} -> Finance | C9: =_xlfn.XLOOKUP(Table1[[#This Row],[Department]],sheet2!$A$2:$A$6,sheet2!$B$2:$B$6,_xleta.NA,0) -> Finance Manager | D9: =DATE(RANDBETWEEN(2018, 2022), RANDBETWEEN(1, 12), RANDBETWEEN(1, 28)) -> 44077 | E9: =Table1[[#This Row],[Job Posting Date]]+ RANDBETWEEN(15, 90) -> 44118 | F9: =Table1[[#This Row],[Hire Date]]+ RANDBETWEEN(1, 15) -> 44123 | G9: =IF(RAND() < 0.5, Table1[[#This Row],[Join Date]]+ RANDBETWEEN(30, TODAY()- Table1[[#This Row],[Join Date]]), "-") -> 44415 | H9: =IF(Table1[[#This Row],[Exit Date]]= "-", "Active", "Exited") -> Exited | I9: =RANDBETWEEN(1500, 5000) -> 4276 | J9: {=INDEX(sheet2!$C$2:$C$6, RANDBETWEEN(1, 5))} -> Conflict Resolution | K9: =IF(RAND() < 0.7, "Completed", "Not Completed") -> Completed | L9: 260 | M9: =RANDBETWEEN(0, 20) -> 3 | N9: =CHOOSE(RANDBETWEEN(1, 3), "Male", "Female", "Other") -> Female | O9: =RANDBETWEEN(1200, 2500) -> 1626 | P9: =Table1[[#This Row],[Hire Date]]-Table1[[#This Row],[Job Posting Date]] -> 41 | Q9: =Table1[[#This Row],[Join Date]]-Table1[[#This Row],[Hire Date]] -> 5 | R9: =(IF(Table1[[#This Row],[Status]]="Exited",Table1[[#This Row],[Exit Date]]-Table1[[#This Row],[Join Date]],TODAY()-Table1[[#This Row],[Join Date]]))/30 -> 9.7333333 | S9: =Table1[[#This Row],[Hire Date]]-Table1[[#This Row],[Job Posting Date]] -> 41 | T9: =Table1[[#This Row],[Time to onboard]]/Table1[[#This Row],[Time to Fill]]*100 -> 12.195122 | U9: =Table1[[#This Row],[Time to onboard]]/Table1[[#This Row],[Time to Fill]]*100 -> 12.195122 | V9: =Table1[[#This Row],[Join Date]]-Table1[[#This Row],[Job Posting Date]] -> 46 | W9: =RANDBETWEEN(100,200) -> 124 | X9: =Table1[[#This Row],[Absentee Days]]/Table1[[#This Row],[Total Work Days]]*100 -> 1.1538462 | Y9: =YEAR(Table1[[#This Row],[Join Date]]) -> 2020 | Z9: =IF(Table1[[#This Row],[Status]]="Active",1,0) -> 0 | AA9: =IF(Table1[[#This Row],[Status]]="Exited",Table1[[#This Row],[Recruitment Cost]]+Table1[[#This Row],[Onboarding cost]]+Table1[[#This Row],[Training Cost]],0) -> 6026 | AD9: Overall Onboarding Efficiency Rate | AF9: exit to onboard | AG9: worforce stability index | AH9: Turnover cost estimate
A10: ="E" & TEXT(ROW(A9), "000") -> E009 | B10: {=INDEX(sheet2!$A$2:$A$6, RANDBETWEEN(1, 5))} -> Sales | C10: =_xlfn.XLOOKUP(Table1[[#This Row],[Department]],sheet2!$A$2:$A$6,sheet2!$B$2:$B$6,_xleta.NA,0) -> Marketing Manager | D10: =DATE(RANDBETWEEN(2018, 2022), RANDBETWEEN(1, 12), RANDBETWEEN(1, 28)) -> 44768 | E10: =Table1[[#This Row],[Job Posting Date]]+ RANDBETWEEN(15, 90) -> 44806 | F10: =Table1[[#This Row],[Hire Date]]+ RANDBETWEEN(1, 15) -> 44819 | G10: =IF(RAND() < 0.5, Table1[[#This Row],[Join Date]]+ RANDBETWEEN(30, TODAY()- Table1[[#This Row],[Join Date]]), "-") -> 45374 | H10: =IF(Table1[[#This Row],[Exit Date]]= "-", "Active", "Exited") -> Exited | I10: =RANDBETWEEN(1500, 5000) -> 3009 | J10: {=INDEX(sheet2!$C$2:$C$6, RANDBETWEEN(1, 5))} -> Advanced Excel Skills | K10: =IF(RAND() < 0.7, "Completed", "Not Completed") -> Completed | L10: 260 | M10: =RANDBETWEEN(0, 20) -> 2 | N10: =CHOOSE(RANDBETWEEN(1, 3), "Male", "Female", "Other") -> Male | O10: =RANDBETWEEN(1200, 2500) -> 2307 | P10: =Table1[[#This Row],[Hire Date]]-Table1[[#This Row],[Job Posting Date]] -> 38 | Q10: =Table1[[#This Row],[Join Date]]-Table1[[#This Row],[Hire Date]] -> 13 | R10: =(IF(Table1[[#This Row],[Status]]="Exited",Table1[[#This Row],[Exit Date]]-Table1[[#This Row],[Join Date]],TODAY()-Table1[[#This Row],[Join Date]]))/30 -> 18.5 | S10: =Table1[[#This Row],[Hire Date]]-Table1[[#This Row],[Job Posting Date]] -> 38 | T10: =Table1[[#This Row],[Time to onboard]]/Table1[[#This Row],[Time to Fill]]*100 -> 34.210526 | U10: =Table1[[#This Row],[Time to onboard]]/Table1[[#This Row],[Time to Fill]]*100 -> 34.210526 | V10: =Table1[[#This Row],[Join Date]]-Table1[[#This Row],[Job Posting Date]] -> 51 | W10: =RANDBETWEEN(100,200) -> 164 | X10: =Table1[[#This Row],[Absentee Days]]/Table1[[#This Row],[Total Work Days]]*100 -> 0.76923077 | Y10: =YEAR(Table1[[#This Row],[Join Date]]) -> 2022 | Z10: =IF(Table1[[#This Row],[Status]]="Active",1,0) -> 0 | AA10: =IF(Table1[[#This Row],[Status]]="Exited",Table1[[#This Row],[Recruitment Cost]]+Table1[[#This Row],[Onboarding cost]]+Table1[[#This Row],[Training Cost]],0) -> 5480 | AD10: =(SUM(Timetoonboard) / SUM(Timetofill)) * 100 -> 14.980741 | AF10: =(COUNTIF(Status, "Exited") / COUNTIF(Status, "Active")) * 100 -> 106.61157 | AG10: =(COUNTIF(Status, "Active") / COUNTA(Status)) * 100 -> 48.303393 | AH10: =(AVERAGE(RecruitmentCost)+AVERAGE(Onboardingcost))*COUNTIF(Status,"Exited") -> 877768.12
A11: ="E" & TEXT(ROW(A10), "000") -> E010 | B11: {=INDEX(sheet2!$A$2:$A$6, RANDBETWEEN(1, 5))} -> HR | C11: =_xlfn.XLOOKUP(Table1[[#This Row],[Department]],sheet2!$A$2:$A$6,sheet2!$B$2:$B$6,_xleta.NA,0) -> HR Manager | D11: =DATE(RANDBETWEEN(2018, 2022), RANDBETWEEN(1, 12), RANDBETWEEN(1, 28)) -> 44101 | E11: =Table1[[#This Row],[Job Posting Date]]+ RANDBETWEEN(15, 90) -> 44179 | F11: =Table1[[#This Row],[Hire Date]]+ RANDBETWEEN(1, 15) -> 44186 | G11: =IF(RAND() < 0.5, Table1[[#This Row],[Join Date]]+ RANDBETWEEN(30, TODAY()- Table1[[#This Row],[Join Date]]), "-") -> - | H11: =IF(Table1[[#This Row],[Exit Date]]= "-", "Active", "Exited") -> Active | I11: =RANDBETWEEN(1500, 5000) -> 4707 | J11: {=INDEX(sheet2!$C$2:$C$6, RANDBETWEEN(1, 5))} -> Advanced Excel Skills | K11: =IF(RAND() < 0.7, "Completed", "Not Completed") -> Completed | L11: 260 | M11: =RANDBETWEEN(0, 20) -> 1 | N11: =CHOOSE(RANDBETWEEN(1, 3), "Male", "Female", "Other") -> Female | O11: =RANDBETWEEN(1200, 2500) -> 2126 | P11: =Table1[[#This Row],[Hire Date]]-Table1[[#This Row],[Job Posting Date]] -> 78 | Q11: =Table1[[#This Row],[Join Date]]-Table1[[#This Row],[Hire Date]] -> 7 | R11: =(IF(Table1[[#This Row],[Status]]="Exited",Table1[[#This Row],[Exit Date]]-Table1[[#This Row],[Join Date]],TODAY()-Table1[[#This Row],[Join Date]]))/30 -> 49.233333 | S11: =Table1[[#This Row],[Hire Date]]-Table1[[#This Row],[Job Posting Date]] -> 78 | T11: =Table1[[#This Row],[Time to onboard]]/Table1[[#This Row],[Time to Fill]]*100 -> 8.974359 | U11: =Table1[[#This Row],[Time to onboard]]/Table1[[#This Row],[Time to Fill]]*100 -> 8.974359 | V11: =Table1[[#This Row],[Join Date]]-Table1[[#This Row],[Job Posting Date]] -> 85 | W11: =RANDBETWEEN(100,200) -> 159 | X11: =Table1[[#This Row],[Absentee Days]]/Table1[[#This Row],[Total Work Days]]*100 -> 0.38461538 | Y11: =YEAR(Table1[[#This Row],[Join Date]]) -> 2020 | Z11: =IF(Table1[[#This Row],[Status]]="Active",1,0) -> 1 | AA11: =IF(Table1[[#This Row],[Status]]="Exited",Table1[[#This Row],[Recruitment Cost]]+Table1[[#This Row],[Onboarding cost]]+Table1[[#This Row],[Training Cost]],0) -> 0
A12: ="E" & TEXT(ROW(A11), "000") -> E011 | B12: {=INDEX(sheet2!$A$2:$A$6, RANDBETWEEN(1, 5))} -> Sales | C12: =_xlfn.XLOOKUP(Table1[[#This Row],[Department]],sheet2!$A$2:$A$6,sheet2!$B$2:$B$6,_xleta.NA,0) -> Marketing Manager | D12: =DATE(RANDBETWEEN(2018, 2022), RANDBETWEEN(1, 12), RANDBETWEEN(1, 28)) -> 44234 | E12: =Table1[[#This Row],[Job Posting Date]]+ RANDBETWEEN(15, 90) -> 44305 | F12: =Table1[[#This Row],[Hire Date]]+ RANDBETWEEN(1, 15) -> 44312 | G12: =IF(RAND() < 0.5, Table1[[#This Row],[Join Date]]+ RANDBETWEEN(30, TODAY()- Table1[[#This Row],[Join Date]]), "-") -> 44775 | H12: =IF(Table1[[#This Row],[Exit Date]]= "-", "Active", "Exited") -> Exited | I12: =RANDBETWEEN(1500, 5000) -> 3665 | J12: {=INDEX(sheet2!$C$2:$C$6, RANDBETWEEN(1, 5))} -> Leadership Development | K12: =IF(RAND() < 0.7, "Completed", "Not Completed") -> Completed | L12: 260 | M12: =RANDBETWEEN(0, 20) -> 9 | N12: =CHOOSE(RANDBETWEEN(1, 3), "Male", "Female", "Other") -> Female | O12: =RANDBETWEEN(1200, 2500) -> 2069 | P12: =Table1[[#This Row],[Hire Date]]-Table1[[#This Row],[Job Posting Date]] -> 71 | Q12: =Table1[[#This Row],[Join Date]]-Table1[[#This Row],[Hire Date]] -> 7 | R12: =(IF(Table1[[#This Row],[Status]]="Exited",Table1[[#This Row],[Exit Date]]-Table1[[#This Row],[Join Date]],TODAY()-Table1[[#This Row],[Join Date]]))/30 -> 15.433333 | S12: =Table1[[#This Row],[Hire Date]]-Table1[[#This Row],[Job Posting Date]] -> 71 | T12: =Table1[[#This Row],[Time to onboard]]/Table1[[#This Row],[Time to Fill]]*100 -> 9.8591549 | U12: =Table1[[#This Row],[Time to onboard]]/Table1[[#This Row],[Time to Fill]]*100 -> 9.8591549 | V12: =Table1[[#This Row],[Join Date]]-Table1[[#This Row],[Job Posting Date]] -> 78 | W12: =RANDBETWEEN(100,200) -> 184 | X12: =Table1[[#This Row],[Absentee Days]]/Table1[[#This Row],[Total Work Days]]*100 -> 3.4615385 | Y12: =YEAR(Table1[[#This Row],[Join Date]]) -> 2021 | Z12: =IF(Table1[[#This Row],[Status]]="Active",1,0) -> 0 | AA12: =IF(Table1[[#This Row],[Status]]="Exited",Table1[[#This Row],[Recruitment Cost]]+Table1[[#This Row],[Onboarding cost]]+Table1[[#This Row],[Training Cost]],0) -> 5918 | AD12: Gender diversity Rate | AF12: Cost of employee turnover
A13: ="E" & TEXT(ROW(A12), "000") -> E012 | B13: {=INDEX(sheet2!$A$2:$A$6, RANDBETWEEN(1, 5))} -> Analytics | C13: =_xlfn.XLOOKUP(Table1[[#This Row],[Department]],sheet2!$A$2:$A$6,sheet2!$B$2:$B$6,_xleta.NA,0) -> Data Analyst | D13: =DATE(RANDBETWEEN(2018, 2022), RANDBETWEEN(1, 12), RANDBETWEEN(1, 28)) -> 43374 | E13: =Table1[[#This Row],[Job Posting Date]]+ RANDBETWEEN(15, 90) -> 43451 | F13: =Table1[[#This Row],[Hire Date]]+ RANDBETWEEN(1, 15) -> 43465 | G13: =IF(RAND() < 0.5, Table1[[#This Row],[Join Date]]+ RANDBETWEEN(30, TODAY()- Table1[[#This Row],[Join Date]]), "-") -> 45620 | H13: =IF(Table1[[#This Row],[Exit Date]]= "-", "Active", "Exited") -> Exited | I13: =RANDBETWEEN(1500, 5000) -> 4133 | J13: {=INDEX(sheet2!$C$2:$C$6, RANDBETWEEN(1, 5))} -> Communication Skills | K13: =IF(RAND() < 0.7, "Completed", "Not Completed") -> Completed | L13: 260 | M13: =RANDBETWEEN(0, 20) -> 14 | N13: =CHOOSE(RANDBETWEEN(1, 3), "Male", "Female", "Other") -> Other | O13: =RANDBETWEEN(1200, 2500) -> 1997 | P13: =Table1[[#This Row],[Hire Date]]-Table1[[#This Row],[Job Posting Date]] -> 77 | Q13: =Table1[[#This Row],[Join Date]]-Table1[[#This Row],[Hire Date]] -> 14 | R13: =(IF(Table1[[#This Row],[Status]]="Exited",Table1[[#This Row],[Exit Date]]-Table1[[#This Row],[Join Date]],TODAY()-Table1[[#This Row],[Join Date]]))/30 -> 71.833333 | S13: =Table1[[#This Row],[Hire Date]]-Table1[[#This Row],[Job Posting Date]] -> 77 | T13: =Table1[[#This Row],[Time to onboard]]/Table1[[#This Row],[Time to Fill]]*100 -> 18.181818 | U13: =Table1[[#This Row],[Time to onboard]]/Table1[[#This Row],[Time to Fill]]*100 -> 18.181818 | V13: =Table1[[#This Row],[Join Date]]-Table1[[#This Row],[Job Posting Date]] -> 91 | W13: =RANDBETWEEN(100,200) -> 123 | X13: =Table1[[#This Row],[Absentee Days]]/Table1[[#This Row],[Total Work Days]]*100 -> 5.3846154 | Y13: =YEAR(Table1[[#This Row],[Join Date]]) -> 2018 | Z13: =IF(Table1[[#This Row],[Status]]="Active",1,0) -> 0 | AA13: =IF(Table1[[#This Row],[Status]]="Exited",Table1[[#This Row],[Recruitment Cost]]+Table1[[#This Row],[Onboarding cost]]+Table1[[#This Row],[Training Cost]],0) -> 6253 | AD13: =COUNTIF(Gender,"Female")/COUNTA(Gender)*100 -> 34.331337 | AF13: =SUM(CostofEmployeeTurnover) -> 1350637
A14: ="E" & TEXT(ROW(A13), "000") -> E013 | B14: {=INDEX(sheet2!$A$2:$A$6, RANDBETWEEN(1, 5))} -> HR | C14: =_xlfn.XLOOKUP(Table1[[#This Row],[Department]],sheet2!$A$2:$A$6,sheet2!$B$2:$B$6,_xleta.NA,0) -> HR Manager | D14: =DATE(RANDBETWEEN(2018, 2022), RANDBETWEEN(1, 12), RANDBETWEEN(1, 28)) -> 44431 | E14: =Table1[[#This Row],[Job Posting Date]]+ RANDBETWEEN(15, 90) -> 44466 | F14: =Table1[[#This Row],[Hire Date]]+ RANDBETWEEN(1, 15) -> 44477 | G14: =IF(RAND() < 0.5, Table1[[#This Row],[Join Date]]+ RANDBETWEEN(30, TODAY()- Table1[[#This Row],[Join Date]]), "-") -> 45216 | H14: =IF(Table1[[#This Row],[Exit Date]]= "-", "Active", "Exited") -> Exited | I14: =RANDBETWEEN(1500, 5000) -> 4871 | J14: {=INDEX(sheet2!$C$2:$C$6, RANDBETWEEN(1, 5))} -> Conflict Resolution | K14: =IF(RAND() < 0.7, "Completed", "Not Completed") -> Not Completed | L14: 260 | M14: =RANDBETWEEN(0, 20) -> 0 | N14: =CHOOSE(RANDBETWEEN(1, 3), "Male", "Female", "Other") -> Female | O14: =RANDBETWEEN(1200, 2500) -> 2422 | P14: =Table1[[#This Row],[Hire Date]]-Table1[[#This Row],[Job Posting Date]] -> 35 | Q14: =Table1[[#This Row],[Join Date]]-Table1[[#This Row],[Hire Date]] -> 11 | R14: =(IF(Table1[[#This Row],[Status]]="Exited",Table1[[#This Row],[Exit Date]]-Table1[[#This Row],[Join Date]],TODAY()-Table1[[#This Row],[Join Date]]))/30 -> 24.633333 | S14: =Table1[[#This Row],[Hire Date]]-Table1[[#This Row],[Job Posting Date]] -> 35 | T14: =Table1[[#This Row],[Time to onboard]]/Table1[[#This Row],[Time to Fill]]*100 -> 31.428571 | U14: =Table1[[#This Row],[Time to onboard]]/Table1[[#This Row],[Time to Fill]]*100 -> 31.428571 | V14: =Table1[[#This Row],[Join Date]]-Table1[[#This Row],[Job Posting Date]] -> 46 | W14: =RANDBETWEEN(100,200) -> 100 | X14: =Table1[[#This Row],[Absentee Days]]/Table1[[#This Row],[Total Work Days]]*100 -> 0 | Y14: =YEAR(Table1[[#This Row],[Join Date]]) -> 2021 | Z14: =IF(Table1[[#This Row],[Status]]="Active",1,0) -> 0 | AA14: =IF(Table1[[#This Row],[Status]]="Exited",Table1[[#This Row],[Recruitment Cost]]+Table1[[#This Row],[Onboarding cost]]+Table1[[#This Row],[Training Cost]],0) -> 7393
A15: ="E" & TEXT(ROW(A14), "000") -> E014 | B15: {=INDEX(sheet2!$A$2:$A$6, RANDBETWEEN(1, 5))} -> Finance | C15: =_xlfn.XLOOKUP(Table1[[#This Row],[Department]],sheet2!$A$2:$A$6,sheet2!$B$2:$B$6,_xleta.NA,0) -> Finance Manager | D15: =DATE(RANDBETWEEN(2018, 2022), RANDBETWEEN(1, 12), RANDBETWEEN(1, 28)) -> 44175 | E15: =Table1[[#This Row],[Job Posting Date]]+ RANDBETWEEN(15, 90) -> 44208 | F15: =Table1[[#This Row],[Hire Date]]+ RANDBETWEEN(1, 15) -> 44211 | G15: =IF(RAND() < 0.5, Table1[[#This Row],[Join Date]]+ RANDBETWEEN(30, TODAY()- Table1[[#This Row],[Join Date]]), "-") -> 44366 | H15: =IF(Table1[[#This Row],[Exit Date]]= "-", "Active", "Exited") -> Exited | I15: =RANDBETWEEN(1500, 5000) -> 3234 | J15: {=INDEX(sheet2!$C$2:$C$6, RANDBETWEEN(1, 5))} -> Communication Skills | K15: =IF(RAND() < 0.7, "Completed", "Not Completed") -> Completed | L15: 260 | M15: =RANDBETWEEN(0, 20) -> 16 | N15: =CHOOSE(RANDBETWEEN(1, 3), "Male", "Female", "Other") -> Other | O15: =RANDBETWEEN(1200, 2500) -> 1374 | P15: =Table1[[#This Row],[Hire Date]]-Table1[[#This Row],[Job Posting Date]] -> 33 | Q15: =Table1[[#This Row],[Join Date]]-Table1[[#This Row],[Hire Date]] -> 3 | R15: =(IF(Table1[[#This Row],[Status]]="Exited",Table1[[#This Row],[Exit Date]]-Table1[[#This Row],[Join Date]],TODAY()-Table1[[#This Row],[Join Date]]))/30 -> 5.1666667 | S15: =Table1[[#This Row],[Hire Date]]-Table1[[#This Row],[Job Posting Date]] -> 33 | T15: =Table1[[#This Row],[Time to onboard]]/Table1[[#This Row],[Time to Fill]]*100 -> 9.0909091 | U15: =Table1[[#This Row],[Time to onboard]]/Table1[[#This Row],[Time to Fill]]*100 -> 9.0909091 | V15: =Table1[[#This Row],[Join Date]]-Table1[[#This Row],[Job Posting Date]] -> 36 | W15: =RANDBETWEEN(100,200) -> 170 | X15: =Table1[[#This Row],[Absentee Days]]/Table1[[#This Row],[Total Work Days]]*100 -> 6.1538462 | Y15: =YEAR(Table1[[#This Row],[Join Date]]) -> 2021 | Z15: =IF(Table1[[#This Row],[Status]]="Active",1,0) -> 0 | AA15: =IF(Table1[[#This Row],[Status]]="Exited",Table1[[#This Row],[Recruitment Cost]]+Table1[[#This Row],[Onboarding cost]]+Table1[[#This Row],[Training Cost]],0) -> 4778
A16: ="E" & TEXT(ROW(A15), "000") -> E015 | B16: {=INDEX(sheet2!$A$2:$A$6, RANDBETWEEN(1, 5))} -> HR | C16: =_xlfn.XLOOKUP(Table1[[#This Row],[Department]],sheet2!$A$2:$A$6,sheet2!$B$2:$B$6,_xleta.NA,0) -> HR Manager | D16: =DATE(RANDBETWEEN(2018, 2022), RANDBETWEEN(1, 12), RANDBETWEEN(1, 28)) -> 43386 | E16: =Table1[[#This Row],[Job Posting Date]]+ RANDBETWEEN(15, 90) -> 43402 | F16: =Table1[[#This Row],[Hire Date]]+ RANDBETWEEN(1, 15) -> 43412 | G16: =IF(RAND() < 0.5, Table1[[#This Row],[Join Date]]+ RANDBETWEEN(30, TODAY()- Table1[[#This Row],[Join Date]]), "-") -> - | H16: =IF(Table1[[#This Row],[Exit Date]]= "-", "Active", "Exited") -> Active | I16: =RANDBETWEEN(1500, 5000) -> 4336 | J16: {=INDEX(sheet2!$C$2:$C$6, RANDBETWEEN(1, 5))} -> Leadership Development | K16: =IF(RAND() < 0.7, "Completed", "Not Completed") -> Not Completed | L16: 260 | M16: =RANDBETWEEN(0, 20) -> 14 | N16: =CHOOSE(RANDBETWEEN(1, 3), "Male", "Female", "Other") -> Male | O16: =RANDBETWEEN(1200, 2500) -> 1550 | P16: =Table1[[#This Row],[Hire Date]]-Table1[[#This Row],[Job Posting Date]] -> 16 | Q16: =Table1[[#This Row],[Join Date]]-Table1[[#This Row],[Hire Date]] -> 10 | R16: =(IF(Table1[[#This Row],[Status]]="Exited",Table1[[#This Row],[Exit Date]]-Table1[[#This Row],[Join Date]],TODAY()-Table1[[#This Row],[Join Date]]))/30 -> 75.033333 | S16: =Table1[[#This Row],[Hire Date]]-Table1[[#This Row],[Job Posting Date]] -> 16 | T16: =Table1[[#This Row],[Time to onboard]]/Table1[[#This Row],[Time to Fill]]*100 -> 62.5 | U16: =Table1[[#This Row],[Time to onboard]]/Table1[[#This Row],[Time to Fill]]*100 -> 62.5 | V16: =Table1[[#This Row],[Join Date]]-Table1[[#This Row],[Job Posting Date]] -> 26 | W16: =RANDBETWEEN(100,200) -> 129 | X16: =Table1[[#This Row],[Absentee Days]]/Table1[[#This Row],[Total Work Days]]*100 -> 5.3846154 | Y16: =YEAR(Table1[[#This Row],[Join Date]]) -> 2018 | Z16: =IF(Table1[[#This Row],[Status]]="Active",1,0) -> 1 | AA16: =IF(Table1[[#This Row],[Status]]="Exited",Table1[[#This Row],[Recruitment Cost]]+Table1[[#This Row],[Onboarding cost]]+Table1[[#This Row],[Training Cost]],0) -> 0
A17: ="E" & TEXT(ROW(A16), "000") -> E016 | B17: {=INDEX(sheet2!$A$2:$A$6, RANDBETWEEN(1, 5))} -> Analytics | C17: =_xlfn.XLOOKUP(Table1[[#This Row],[Department]],sheet2!$A$2:$A$6,sheet2!$B$2:$B$6,_xleta.NA,0) -> Data Analyst | D17: =DATE(RANDBETWEEN(2018, 2022), RANDBETWEEN(1, 12), RANDBETWEEN(1, 28)) -> 43792 | E17: =Table1[[#This Row],[Job Posting Date]]+ RANDBETWEEN(15, 90) -> 43834 | F17: =Table1[[#This Row],[Hire Date]]+ RANDBETWEEN(1, 15) -> 43847 | G17: =IF(RAND() < 0.5, Table1[[#This Row],[Join Date]]+ RANDBETWEEN(30, TODAY()- Table1[[#This Row],[Join Date]]), "-") -> 45074 | H17: =IF(Table1[[#This Row],[Exit Date]]= "-", "Active", "Exited") -> Exited | I17: =RANDBETWEEN(1500, 5000) -> 2579 | J17: {=INDEX(sheet2!$C$2:$C$6, RANDBETWEEN(1, 5))} -> Ethics and Responsibilities | K17: =IF(RAND() < 0.7, "Completed", "Not Completed") -> Completed | L17: 260 | M17: =RANDBETWEEN(0, 20) -> 5 | N17: =CHOOSE(RANDBETWEEN(1, 3), "Male", "Female", "Other") -> Other | O17: =RANDBETWEEN(1200, 2500) -> 1939 | P17: =Table1[[#This Row],[Hire Date]]-Table1[[#This Row],[Job Posting Date]] -> 42 | Q17: =Table1[[#This Row],[Join Date]]-Table1[[#This Row],[Hire Date]] -> 13 | R17: =(IF(Table1[[#This Row],[Status]]="Exited",Table1[[#This Row],[Exit Date]]-Table1[[#This Row],[Join Date]],TODAY()-Table1[[#This Row],[Join Date]]))/30 -> 40.9 | S17: =Table1[[#This Row],[Hire Date]]-Table1[[#This Row],[Job Posting Date]] -> 42 | T17: =Table1[[#This Row],[Time to onboard]]/Table1[[#This Row],[Time to Fill]]*100 -> 30.952381 | U17: =Table1[[#This Row],[Time to onboard]]/Table1[[#This Row],[Time to Fill]]*100 -> 30.952381 | V17: =Table1[[#This Row],[Join Date]]-Table1[[#This Row],[Job Posting Date]] -> 55 | W17: =RANDBETWEEN(100,200) -> 122 | X17: =Table1[[#This Row],[Absentee Days]]/Table1[[#This Row],[Total Work Days]]*100 -> 1.9230769 | Y17: =YEAR(Table1[[#This Row],[Join Date]]) -> 2020 | Z17: =IF(Table1[[#This Row],[Status]]="Active",1,0) -> 0 | AA17: =IF(Table1[[#This Row],[Status]]="Exited",Table1[[#This Row],[Recruitment Cost]]+Table1[[#This Row],[Onboarding cost]]+Table1[[#This Row],[Training Cost]],0) -> 4640
A18: ="E" & TEXT(ROW(A17), "000") -> E017 | B18: {=INDEX(sheet2!$A$2:$A$6, RANDBETWEEN(1, 5))} -> Finance | C18: =_xlfn.XLOOKUP(Table1[[#This Row],[Department]],sheet2!$A$2:$A$6,sheet2!$B$2:$B$6,_xleta.NA,0) -> Finance Manager | D18: =DATE(RANDBETWEEN(2018, 2022), RANDBETWEEN(1, 12), RANDBETWEEN(1, 28)) -> 44122 | E18: =Table1[[#This Row],[Job Posting Date]]+ RANDBETWEEN(15, 90) -> 44169 | F18: =Table1[[#This Row],[Hire Date]]+ RANDBETWEEN(1, 15) -> 44172 | G18: =IF(RAND() < 0.5, Table1[[#This Row],[Join Date]]+ RANDBETWEEN(30, TODAY()- Table1[[#This Row],[Join Date]]), "-") -> - | H18: =IF(Table1[[#This Row],[Exit Date]]= "-", "Active", "Exited") -> Active | I18: =RANDBETWEEN(1500, 5000) -> 3629 | J18: {=INDEX(sheet2!$C$2:$C$6, RANDBETWEEN(1, 5))} -> Advanced Excel Skills | K18: =IF(RAND() < 0.7, "Completed", "Not Completed") -> Completed | L18: 260 | M18: =RANDBETWEEN(0, 20) -> 6 | N18: =CHOOSE(RANDBETWEEN(1, 3), "Male", "Female", "Other") -> Other | O18: =RANDBETWEEN(1200, 2500) -> 2279 | P18: =Table1[[#This Row],[Hire Date]]-Table1[[#This Row],[Job Posting Date]] -> 47 | Q18: =Table1[[#This Row],[Join Date]]-Table1[[#This Row],[Hire Date]] -> 3 | R18: =(IF(Table1[[#This Row],[Status]]="Exited",Table1[[#This Row],[Exit Date]]-Table1[[#This Row],[Join Date]],TODAY()-Table1[[#This Row],[Join Date]]))/30 -> 49.7 | S18: =Table1[[#This Row],[Hire Date]]-Table1[[#This Row],[Job Posting Date]] -> 47 | T18: =Table1[[#This Row],[Time to onboard]]/Table1[[#This Row],[Time to Fill]]*100 -> 6.3829787 | U18: =Table1[[#This Row],[Time to onboard]]/Table1[[#This Row],[Time to Fill]]*100 -> 6.3829787 | V18: =Table1[[#This Row],[Join Date]]-Table1[[#This Row],[Job Posting Date]] -> 50 | W18: =RANDBETWEEN(100,200) -> 185 | X18: =Table1[[#This Row],[Absentee Days]]/Table1[[#This Row],[Total Work Days]]*100 -> 2.3076923 | Y18: =YEAR(Table1[[#This Row],[Join Date]]) -> 2020 | Z18: =IF(Table1[[#This Row],[Status]]="Active",1,0) -> 1 | AA18: =IF(Table1[[#This Row],[Status]]="Exited",Table1[[#This Row],[Recruitment Cost]]+Table1[[#This Row],[Onboarding cost]]+Table1[[#This Row],[Training Cost]],0) -> 0
A19: ="E" & TEXT(ROW(A18), "000") -> E018 | B19: {=INDEX(sheet2!$A$2:$A$6, RANDBETWEEN(1, 5))} -> Finance | C19: =_xlfn.XLOOKUP(Table1[[#This Row],[Department]],sheet2!$A$2:$A$6,sheet2!$B$2:$B$6,_xleta.NA,0) -> Finance Manager | D19: =DATE(RANDBETWEEN(2018, 2022), RANDBETWEEN(1, 12), RANDBETWEEN(1, 28)) -> 44827 | E19: =Table1[[#This Row],[Job Posting Date]]+ RANDBETWEEN(15, 90) -> 44882 | F19: =Table1[[#This Row],[Hire Date]]+ RANDBETWEEN(1, 15) -> 44891 | G19: =IF(RAND() < 0.5, Table1[[#This Row],[Join Date]]+ RANDBETWEEN(30, TODAY()- Table1[[#This Row],[Join Date]]), "-") -> 45092 | H19: =IF(Table1[[#This Row],[Exit Date]]= "-", "Active", "Exited") -> Exited | I19: =RANDBETWEEN(1500, 5000) -> 1605 | J19: {=INDEX(sheet2!$C$2:$C$6, RANDBETWEEN(1, 5))} -> Conflict Resolution | K19: =IF(RAND() < 0.7, "Completed", "Not Completed") -> Not Completed | L19: 260 | M19: =RANDBETWEEN(0, 20) -> 14 | N19: =CHOOSE(RANDBETWEEN(1, 3), "Male", "Female", "Other") -> Male | O19: =RANDBETWEEN(1200, 2500) -> 1980 | P19: =Table1[[#This Row],[Hire Date]]-Table1[[#This Row],[Job Posting Date]] -> 55 | Q19: =Table1[[#This Row],[Join Date]]-Table1[[#This Row],[Hire Date]] -> 9 | R19: =(IF(Table1[[#This Row],[Status]]="Exited",Table1[[#This Row],[Exit Date]]-Table1[[#This Row],[Join Date]],TODAY()-Table1[[#This Row],[Join Date]]))/30 -> 6.7 | S19: =Table1[[#This Row],[Hire Date]]-Table1[[#This Row],[Job Posting Date]] -> 55 | T19: =Table1[[#This Row],[Time to onboard]]/Table1[[#This Row],[Time to Fill]]*100 -> 16.363636 | U19: =Table1[[#This Row],[Time to onboard]]/Table1[[#This Row],[Time to Fill]]*100 -> 16.363636 | V19: =Table1[[#This Row],[Join Date]]-Table1[[#This Row],[Job Posting Date]] -> 64 | W19: =RANDBETWEEN(100,200) -> 106 | X19: =Table1[[#This Row],[Absentee Days]]/Table1[[#This Row],[Total Work Days]]*100 -> 5.3846154 | Y19: =YEAR(Table1[[#This Row],[Join Date]]) -> 2022 | Z19: =IF(Table1[[#This Row],[Status]]="Active",1,0) -> 0 | AA19: =IF(Table1[[#This Row],[Status]]="Exited",Table1[[#This Row],[Recruitment Cost]]+Table1[[#This Row],[Onboarding cost]]+Table1[[#This Row],[Training Cost]],0) -> 3691
A20: ="E" & TEXT(ROW(A19), "000") -> E019 | B20: {=INDEX(sheet2!$A$2:$A$6, RANDBETWEEN(1, 5))} -> HR | C20: =_xlfn.XLOOKUP(Table1[[#This Row],[Department]],sheet2!$A$2:$A$6,sheet2!$B$2:$B$6,_xleta.NA,0) -> HR Manager | D20: =DATE(RANDBETWEEN(2018, 2022), RANDBETWEEN(1, 12), RANDBETWEEN(1, 28)) -> 43240 | E20: =Table1[[#This Row],[Job Posting Date]]+ RANDBETWEEN(15, 90) -> 43292 | F20: =Table1[[#This Row],[Hire Date]]+ RANDBETWEEN(1, 15) -> 43293 | G20: =IF(RAND() < 0.5, Table1[[#This Row],[Join Date]]+ RANDBETWEEN(30, TODAY()- Table1[[#This Row],[Join Date]]), "-") -> 45080 | H20: =IF(Table1[[#This Row],[Exit Date]]= "-", "Active", "Exited") -> Exited | I20: =RANDBETWEEN(1500, 5000) -> 1740 | J20: {=INDEX(sheet2!$C$2:$C$6, RANDBETWEEN(1, 5))} -> Ethics and Responsibilities | K20: =IF(RAND() < 0.7, "Completed", "Not Completed") -> Completed | L20: 260 | M20: =RANDBETWEEN(0, 20) -> 20 | N20: =CHOOSE(RANDBETWEEN(1, 3), "Male", "Female", "Other") -> Male | O20: =RANDBETWEEN(1200, 2500) -> 1630 | P20: =Table1[[#This Row],[Hire Date]]-Table1[[#This Row],[Job Posting Date]] -> 52 | Q20: =Table1[[#This Row],[Join Date]]-Table1[[#This Row],[Hire Date]] -> 1 | R20: =(IF(Table1[[#This Row],[Status]]="Exited",Table1[[#This Row],[Exit Date]]-Table1[[#This Row],[Join Date]],TODAY()-Table1[[#This Row],[Join Date]]))/30 -> 59.566667 | S20: =Table1[[#This Row],[Hire Date]]-Table1[[#This Row],[Job Posting Date]] -> 52 | T20: =Table1[[#This Row],[Time to onboard]]/Table1[[#This Row],[Time to Fill]]*100 -> 1.9230769 | U20: =Table1[[#This Row],[Time to onboard]]/Table1[[#This Row],[Time to Fill]]*100 -> 1.9230769 | V20: =Table1[[#This Row],[Join Date]]-Table1[[#This Row],[Job Posting Date]] -> 53 | W20: =RANDBETWEEN(100,200) -> 141 | X20: =Table1[[#This Row],[Absentee Days]]/Table1[[#This Row],[Total Work Days]]*100 -> 7.6923077 | Y20: =YEAR(Table1[[#This Row],[Join Date]]) -> 2018 | Z20: =IF(Table1[[#This Row],[Status]]="Active",1,0) -> 0 | AA20: =IF(Table1[[#This Row],[Status]]="Exited",Table1[[#This Row],[Recruitment Cost]]+Table1[[#This Row],[Onboarding cost]]+Table1[[#This Row],[Training Cost]],0) -> 3511
A21: ="E" & TEXT(ROW(A20), "000") -> E020 | B21: {=INDEX(sheet2!$A$2:$A$6, RANDBETWEEN(1, 5))} -> HR | C21: =_xlfn.XLOOKUP(Table1[[#This Row],[Department]],sheet2!$A$2:$A$6,sheet2!$B$2:$B$6,_xleta.NA,0) -> HR Manager | D21: =DATE(RANDBETWEEN(2018, 2022), RANDBETWEEN(1, 12), RANDBETWEEN(1, 28)) -> 44450 | E21: =Table1[[#This Row],[Job Posting Date]]+ RANDBETWEEN(15, 90) -> 44531 | F21: =Table1[[#This Row],[Hire Date]]+ RANDBETWEEN(1, 15) -> 44539 | G21: =IF(RAND() < 0.5, Table1[[#This Row],[Join Date]]+ RANDBETWEEN(30, TODAY()- Table1[[#This Row],[Join Date]]), "-") -> 44848 | H21: =IF(Table1[[#This Row],[Exit Date]]= "-", "Active", "Exited") -> Exited | I21: =RANDBETWEEN(1500, 5000) -> 3009 | J21: {=INDEX(sheet2!$C$2:$C$6, RANDBETWEEN(1, 5))} -> Leadership Development | K21: =IF(RAND() < 0.7, "Completed", "Not Completed") -> Completed | L21: 260 | M21: =RANDBETWEEN(0, 20) -> 11 | N21: =CHOOSE(RANDBETWEEN(1, 3), "Male", "Female", "Other") -> Male | O21: =RANDBETWEEN(1200, 2500) -> 1341 | P21: =Table1[[#This Row],[Hire Date]]-Table1[[#This Row],[Job Posting Date]] -> 81 | Q21: =Table1[[#This Row],[Join Date]]-Table1[[#This Row],[Hire Date]] -> 8 | R21: =(IF(Table1[[#This Row],[Status]]="Exited",Table1[[#This Row],[Exit Date]]-Table1[[#This Row],[Join Date]],TODAY()-Table1[[#This Row],[Join Date]]))/30 -> 10.3 | S21: =Table1[[#This Row],[Hire Date]]-Table1[[#This Row],[Job Posting Date]] -> 81 | T21: =Table1[[#This Row],[Time to onboard]]/Table1[[#This Row],[Time to Fill]]*100 -> 9.8765432 | U21: =Table1[[#This Row],[Time to onboard]]/Table1[[#This Row],[Time to Fill]]*100 -> 9.8765432 | V21: =Table1[[#This Row],[Join Date]]-Table1[[#This Row],[Job Posting Date]] -> 89 | W21: =RANDBETWEEN(100,200) -> 183 | X21: =Table1[[#This Row],[Absentee Days]]/Table1[[#This Row],[Total Work Days]]*100 -> 4.2307692 | Y21: =YEAR(Table1[[#This Row],[Join Date]]) -> 2021 | Z21: =IF(Table1[[#This Row],[Status]]="Active",1,0) -> 0 | AA21: =IF(Table1[[#This Row],[Status]]="Exited",Table1[[#This Row],[Recruitment Cost]]+Table1[[#This Row],[Onboarding cost]]+Table1[[#This Row],[Training Cost]],0) -> 4533
A22: ="E" & TEXT(ROW(A21), "000") -> E021 | B22: {=INDEX(sheet2!$A$2:$A$6, RANDBETWEEN(1, 5))} -> Analytics | C22: =_xlfn.XLOOKUP(Table1[[#This Row],[Department]],sheet2!$A$2:$A$6,sheet2!$B$2:$B$6,_xleta.NA,0) -> Data Analyst | D22: =DATE(RANDBETWEEN(2018, 2022), RANDBETWEEN(1, 12), RANDBETWEEN(1, 28)) -> 43834 | E22: =Table1[[#This Row],[Job Posting Date]]+ RANDBETWEEN(15, 90) -> 43877 | F22: =Table1[[#This Row],[Hire Date]]+ RANDBETWEEN(1, 15) -> 43892 | G22: =IF(RAND() < 0.5, Table1[[#This Row],[Join Date]]+ RANDBETWEEN(30, TODAY()- Table1[[#This Row],[Join Date]]), "-") -> - | H22: =IF(Table1[[#This Row],[Exit Date]]= "-", "Active", "Exited") -> Active | I22: =RANDBETWEEN(1500, 5000) -> 4950 | J22: {=INDEX(sheet2!$C$2:$C$6, RANDBETWEEN(1, 5))} -> Advanced Excel Skills | K22: =IF(RAND() < 0.7, "Completed", "Not Completed") -> Not Completed | L22: 260 | M22: =RANDBETWEEN(0, 20) -> 3 | N22: =CHOOSE(RANDBETWEEN(1, 3), "Male", "Female", "Other") -> Other | O22: =RANDBETWEEN(1200, 2500) -> 1972 | P22: =Table1[[#This Row],[Hire Date]]-Table1[[#This Row],[Job Posting Date]] -> 43 | Q22: =Table1[[#This Row],[Join Date]]-Table1[[#This Row],[Hire Date]] -> 15 | R22: =(IF(Table1[[#This Row],[Status]]="Exited",Table1[[#This Row],[Exit Date]]-Table1[[#This Row],[Join Date]],TODAY()-Table1[[#This Row],[Join Date]]))/30 -> 59.033333 | S22: =Table1[[#This Row],[Hire Date]]-Table1[[#This Row],[Job Posting Date]] -> 43 | T22: =Table1[[#This Row],[Time to onboard]]/Table1[[#This Row],[Time to Fill]]*100 -> 34.883721 | U22: =Table1[[#This Row],[Time to onboard]]/Table1[[#This Row],[Time to Fill]]*100 -> 34.883721 | V22: =Table1[[#This Row],[Join Date]]-Table1[[#This Row],[Job Posting Date]] -> 58 | W22: =RANDBETWEEN(100,200) -> 135 | X22: =Table1[[#This Row],[Absentee Days]]/Table1[[#This Row],[Total Work Days]]*100 -> 1.1538462 | Y22: =YEAR(Table1[[#This Row],[Join Date]]) -> 2020 | Z22: =IF(Table1[[#This Row],[Status]]="Active",1,0) -> 1 | AA22: =IF(Table1[[#This Row],[Status]]="Exited",Table1[[#This Row],[Recruitment Cost]]+Table1[[#This Row],[Onboarding cost]]+Table1[[#This Row],[Training Cost]],0) -> 0
A23: ="E" & TEXT(ROW(A22), "000") -> E022 | B23: {=INDEX(sheet2!$A$2:$A$6, RANDBETWEEN(1, 5))} -> IT | C23: =_xlfn.XLOOKUP(Table1[[#This Row],[Department]],sheet2!$A$2:$A$6,sheet2!$B$2:$B$6,_xleta.NA,0) -> Software Engineer | D23: =DATE(RANDBETWEEN(2018, 2022), RANDBETWEEN(1, 12), RANDBETWEEN(1, 28)) -> 44143 | E23: =Table1[[#This Row],[Job Posting Date]]+ RANDBETWEEN(15, 90) -> 44226 | F23: =Table1[[#This Row],[Hire Date]]+ RANDBETWEEN(1, 15) -> 44227 | G23: =IF(RAND() < 0.5, Table1[[#This Row],[Join Date]]+ RANDBETWEEN(30, TODAY()- Table1[[#This Row],[Join Date]]), "-") -> 45385 | H23: =IF(Table1[[#This Row],[Exit Date]]= "-", "Active", "Exited") -> Exited | I23: =RANDBETWEEN(1500, 5000) -> 3932 | J23: {=INDEX(sheet2!$C$2:$C$6, RANDBETWEEN(1, 5))} -> Communication Skills | K23: =IF(RAND() < 0.7, "Completed", "Not Completed") -> Completed | L23: 260 | M23: =RANDBETWEEN(0, 20) -> 9 | N23: =CHOOSE(RANDBETWEEN(1, 3), "Male", "Female", "Other") -> Female | O23: =RANDBETWEEN(1200, 2500) -> 1793 | P23: =Table1[[#This Row],[Hire Date]]-Table1[[#This Row],[Job Posting Date]] -> 83 | Q23: =Table1[[#This Row],[Join Date]]-Table1[[#This Row],[Hire Date]] -> 1 | R23: =(IF(Table1[[#This Row],[Status]]="Exited",Table1[[#This Row],[Exit Date]]-Table1[[#This Row],[Join Date]],TODAY()-Table1[[#This Row],[Join Date]]))/30 -> 38.6 | S23: =Table1[[#This Row],[Hire Date]]-Table1[[#This Row],[Job Posting Date]] -> 83 | T23: =Table1[[#This Row],[Time to onboard]]/Table1[[#This Row],[Time to Fill]]*100 -> 1.2048193 | U23: =Table1[[#This Row],[Time to onboard]]/Table1[[#This Row],[Time to Fill]]*100 -> 1.2048193 | V23: =Table1[[#This Row],[Join Date]]-Table1[[#This Row],[Job Posting Date]] -> 84 | W23: =RANDBETWEEN(100,200) -> 176 | X23: =Table1[[#This Row],[Absentee Days]]/Table1[[#This Row],[Total Work Days]]*100 -> 3.4615385 | Y23: =YEAR(Table1[[#This Row],[Join Date]]) -> 2021 | Z23: =IF(Table1[[#This Row],[Status]]="Active",1,0) -> 0 | AA23: =IF(Table1[[#This Row],[Status]]="Exited",Table1[[#This Row],[Recruitment Cost]]+Table1[[#This Row],[Onboarding cost]]+Table1[[#This Row],[Training Cost]],0) -> 5901
A24: ="E" & TEXT(ROW(A23), "000") -> E023 | B24: {=INDEX(sheet2!$A$2:$A$6, RANDBETWEEN(1, 5))} -> Finance | C24: =_xlfn.XLOOKUP(Table1[[#This Row],[Department]],sheet2!$A$2:$A$6,sheet2!$B$2:$B$6,_xleta.NA,0) -> Finance Manager | D24: =DATE(RANDBETWEEN(2018, 2022), RANDBETWEEN(1, 12), RANDBETWEEN(1, 28)) -> 44427 | E24: =Table1[[#This Row],[Job Posting Date]]+ RANDBETWEEN(15, 90) -> 44503 | F24: =Table1[[#This Row],[Hire Date]]+ RANDBETWEEN(1, 15) -> 44515 | G24: =IF(RAND() < 0.5, Table1[[#This Row],[Join Date]]+ RANDBETWEEN(30, TODAY()- Table1[[#This Row],[Join Date]]), "-") -> 44546 | H24: =IF(Table1[[#This Row],[Exit Date]]= "-", "Active", "Exited") -> Exited | I24: =RANDBETWEEN(1500, 5000) -> 4250 | J24: {=INDEX(sheet2!$C$2:$C$6, RANDBETWEEN(1, 5))} -> Leadership Development | K24: =IF(RAND() < 0.7, "Completed", "Not Completed") -> Completed | L24: 260 | M24: =RANDBETWEEN(0, 20) -> 9 | N24: =CHOOSE(RANDBETWEEN(1, 3), "Male", "Female", "Other") -> Male | O24: =RANDBETWEEN(1200, 2500) -> 2470 | P24: =Table1[[#This Row],[Hire Date]]-Table1[[#This Row],[Job Posting Date]] -> 76 | Q24: =Table1[[#This Row],[Join Date]]-Table1[[#This Row],[Hire Date]] -> 12 | R24: =(IF(Table1[[#This Row],[Status]]="Exited",Table1[[#This Row],[Exit Date]]-Table1[[#This Row],[Join Date]],TODAY()-Table1[[#This Row],[Join Date]]))/30 -> 1.0333333 | S24: =Table1[[#This Row],[Hire Date]]-Table1[[#This Row],[Job Posting Date]] -> 76 | T24: =Table1[[#This Row],[Time to onboard]]/Table1[[#This Row],[Time to Fill]]*100 -> 15.789474 | U24: =Table1[[#This Row],[Time to onboard]]/Table1[[#This Row],[Time to Fill]]*100 -> 15.789474 | V24: =Table1[[#This Row],[Join Date]]-Table1[[#This Row],[Job Posting Date]] -> 88 | W24: =RANDBETWEEN(100,200) -> 115 | X24: =Table1[[#This Row],[Absentee Days]]/Table1[[#This Row],[Total Work Days]]*100 -> 3.4615385 | Y24: =YEAR(Table1[[#This Row],[Join Date]]) -> 2021 | Z24: =IF(Table1[[#This Row],[Status]]="Active",1,0) -> 0 | AA24: =IF(Table1[[#This Row],[Status]]="Exited",Table1[[#This Row],[Recruitment Cost]]+Table1[[#This Row],[Onboarding cost]]+Table1[[#This Row],[Training Cost]],0) -> 6835
A25: ="E" & TEXT(ROW(A24), "000") -> E024 | B25: {=INDEX(sheet2!$A$2:$A$6, RANDBETWEEN(1, 5))} -> Finance | C25: =_xlfn.XLOOKUP(Table1[[#This Row],[Department]],sheet2!$A$2:$A$6,sheet2!$B$2:$B$6,_xleta.NA,0) -> Finance Manager | D25: =DATE(RANDBETWEEN(2018, 2022), RANDBETWEEN(1, 12), RANDBETWEEN(1, 28)) -> 43871 | E25: =Table1[[#This Row],[Job Posting Date]]+ RANDBETWEEN(15, 90) -> 43916 | F25: =Table1[[#This Row],[Hire Date]]+ RANDBETWEEN(1, 15) -> 43926 | G25: =IF(RAND() < 0.5, Table1[[#This Row],[Join Date]]+ RANDBETWEEN(30, TODAY()- Table1[[#This Row],[Join Date]]), "-") -> 44895 | H25: =IF(Table1[[#This Row],[Exit Date]]= "-", "Active", "Exited") -> Exited | I25: =RANDBETWEEN(1500, 5000) -> 2194 | J25: {=INDEX(sheet2!$C$2:$C$6, RANDBETWEEN(1, 5))} -> Communication Skills | K25: =IF(RAND() < 0.7, "Completed", "Not Completed") -> Completed | L25: 260 | M25: =RANDBETWEEN(0, 20) -> 5 | N25: =CHOOSE(RANDBETWEEN(1, 3), "Male", "Female", "Other") -> Male | O25: =RANDBETWEEN(1200, 2500) -> 2493 | P25: =Table1[[#This Row],[Hire Date]]-Table1[[#This Row],[Job Posting Date]] -> 45 | Q25: =Table1[[#This Row],[Join Date]]-Table1[[#This Row],[Hire Date]] -> 10 | R25: =(IF(Table1[[#This Row],[Status]]="Exited",Table1[[#This Row],[Exit Date]]-Table1[[#This Row],[Join Date]],TODAY()-Table1[[#This Row],[Join Date]]))/30 -> 32.3 | S25: =Table1[[#This Row],[Hire Date]]-Table1[[#This Row],[Job Posting Date]] -> 45 | T25: =Table1[[#This Row],[Time to onboard]]/Table1[[#This Row],[Time to Fill]]*100 -> 22.222222 | U25: =Table1[[#This Row],[Time to onboard]]/Table1[[#This Row],[Time to Fill]]*100 -> 22.222222 | V25: =Table1[[#This Row],[Join Date]]-Table1[[#This Row],[Job Posting Date]] -> 55 | W25: =RANDBETWEEN(100,200) -> 194 | X25: =Table1[[#This Row],[Absentee Days]]/Table1[[#This Row],[Total Work Days]]*100 -> 1.9230769 | Y25: =YEAR(Table1[[#This Row],[Join Date]]) -> 2020 | Z25: =IF(Table1[[#This Row],[Status]]="Active",1,0) -> 0 | AA25: =IF(Table1[[#This Row],[Status]]="Exited",Table1[[#This Row],[Recruitment Cost]]+Table1[[#This Row],[Onboarding cost]]+Table1[[#This Row],[Training Cost]],0) -> 4881
... A501: ="E" & TEXT(ROW(A500), "000") -> E500 | B501: {=INDEX(sheet2!$A$2:$A$6, RANDBETWEEN(1, 5))} -> Sales | C501: =_xlfn.XLOOKUP(Table1[[#This Row],[Department]],sheet2!$A$2:$A$6,sheet2!$B$2:$B$6,_xleta.NA,0) -> Marketing Manager | D501: =DATE(RANDBETWEEN(2018, 2022), RANDBETWEEN(1, 12), RANDBETWEEN(1, 28)) -> 43142 | E501: =Table1[[#This Row],[Job Posting Date]]+ RANDBETWEEN(15, 90) -> 43170 | F501: =Table1[[#This Row],[Hire Date]]+ RANDBETWEEN(1, 15) -> 43175 | G501: =IF(RAND() < 0.5, Table1[[#This Row],[Join Date]]+ RANDBETWEEN(30, TODAY()- Table1[[#This Row],[Join Date]]), "-") -> - | H501: =IF(Table1[[#This Row],[Exit Date]]= "-", "Active", "Exited") -> Active | I501: =RANDBETWEEN(1500, 5000) -> 3239 | J501: {=INDEX(sheet2!$C$2:$C$6, RANDBETWEEN(1, 5))} -> Leadership Development | K501: =IF(RAND() < 0.7, "Completed", "Not Completed") -> Completed | L501: 260 | M501: =RANDBETWEEN(0, 20) -> 7 | N501: =CHOOSE(RANDBETWEEN(1, 3), "Male", "Female", "Other") -> Female | O501: =RANDBETWEEN(1200, 2500) -> 1460 | P501: =Table1[[#This Row],[Hire Date]]-Table1[[#This Row],[Job Posting Date]] -> 28 | Q501: =Table1[[#This Row],[Join Date]]-Table1[[#This Row],[Hire Date]] -> 5 | R501: =(IF(Table1[[#This Row],[Status]]="Exited",Table1[[#This Row],[Exit Date]]-Table1[[#This Row],[Join Date]],TODAY()-Table1[[#This Row],[Join Date]]))/30 -> 82.933333 | S501: =Table1[[#This Row],[Hire Date]]-Table1[[#This Row],[Job Posting Date]] -> 28 | T501: =Table1[[#This Row],[Time to onboard]]/Table1[[#This Row],[Time to Fill]]*100 -> 17.857143 | U501: =Table1[[#This Row],[Time to onboard]]/Table1[[#This Row],[Time to Fill]]*100 -> 17.857143 | V501: =Table1[[#This Row],[Join Date]]-Table1[[#This Row],[Job Posting Date]] -> 33 | W501: =RANDBETWEEN(100,200) -> 145 | X501: =Table1[[#This Row],[Absentee Days]]/Table1[[#This Row],[Total Work Days]]*100 -> 2.6923077 | Y501: =YEAR(Table1[[#This Row],[Join Date]]) -> 2018 | Z501: =IF(Table1[[#This Row],[Status]]="Active",1,0) -> 1 | AA501: =IF(Table1[[#This Row],[Status]]="Exited",Table1[[#This Row],[Recruitment Cost]]+Table1[[#This Row],[Onboarding cost]]+Table1[[#This Row],[Training Cost]],0) -> 0

Sheet sheet2
A1: Department | B1: Job Title | C1: Traning program
A2: IT | B2: Software Engineer | C2: Leadership Development
A3: HR | B3: HR Manager | C3: Advanced Excel Skills
A4: Sales | B4: Marketing Manager | C4: Conflict Resolution
A5: Finance | B5: Finance Manager | C5: Communication Skills
A6: Analytics | B6: Data Analyst | C6: Ethics and Responsibilities
